=== per-target sweep: --lib plus 133 integration targets
=== target --lib
   Compiling ferrodb v0.1.0 (/Users/idide/wt/ferrodb-d81-land)
warning: variable does not need to be mutable
   --> src/catalog/catalog_page.rs:800:13
    |
800 |         let mut write_entry = |bytes: &mut [u8; PAGE_SIZE], o: &mut usize, name: &[u8], roots: [u32; 3], index_root: u32| {
    |             ----^^^^^^^^^^^
    |             |
    |             help: remove this `mut`
    |
    = note: `#[warn(unused_mut)]` (part of `#[warn(unused)]`) on by default

warning: unused variable: `reaper`
    --> src/branch/reaper.rs:2263:17
     |
2263 |         let (h, reaper) = setup();
     |                 ^^^^^^
...
2435 |     reaper_suite!(log_catalog, false);
     |     --------------------------------- in this macro invocation
     |
help: `reaper` is captured in macro and introduced a unused variable
    --> src/branch/reaper.rs:2263:17
     |
2263 |         let (h, reaper) = setup();
     |                 ^^^^^^
...
2435 |     reaper_suite!(log_catalog, false);
     |     --------------------------------- in this macro invocation
     = note: `#[warn(unused_variables)]` (part of `#[warn(unused)]`) on by default
     = note: this warning originates in the macro `reaper_suite` (in Nightly builds, run with -Z macro-backtrace for more info)

warning: unused variable: `reaper`
    --> src/branch/reaper.rs:2263:17
     |
2263 |         let (h, reaper) = setup();
     |                 ^^^^^^
...
2436 |     reaper_suite!(table_catalog, true);
     |     ---------------------------------- in this macro invocation
     |
help: `reaper` is captured in macro and introduced a unused variable
    --> src/branch/reaper.rs:2263:17
     |
2263 |         let (h, reaper) = setup();
     |                 ^^^^^^
...
2436 |     reaper_suite!(table_catalog, true);
     |     ---------------------------------- in this macro invocation
     = note: this warning originates in the macro `reaper_suite` (in Nightly builds, run with -Z macro-backtrace for more info)

warning: `ferrodb` (lib test) generated 3 warnings (run `cargo fix --lib -p ferrodb --tests` to apply 1 suggestion)
    Finished `test` profile [unoptimized + debuginfo] target(s) in 7.92s
     Running unittests src/lib.rs (target/debug/deps/ferrodb-d929e200b07daf14)

running 1656 tests
test agent_sql::escrow::tests::an_unbounded_cell_is_not_escrowed_and_writes_pass_through ... ok
test agent_sql::changeset::tests::an_empty_merge_is_clean ... ok
test agent_sql::escrow::tests::a_branch_cannot_spend_against_a_claim_it_never_made ... ok
test agent_sql::escrow::tests::a_negative_or_zero_claim_is_refused ... ok
test agent_sql::escrow::tests::the_counter_cannot_be_driven_below_its_floor ... ok
test agent_sql::escrow::tests::a_recycled_id_slot_does_not_inherit_the_dead_branchs_escrow ... ok
test agent_sql::escrow::tests::releasing_a_branch_returns_its_unspent_claim_to_the_pool ... ok
test agent_sql::escrow::tests::two_agents_cannot_both_reserve_twelve_out_of_twenty ... ok
test agent_sql::escrow::tests::settling_consumes_only_what_was_actually_spent ... ok
test agent_sql::escrow::tests::reopening_a_pool_is_refused_rather_than_resizing_it ... ok
test agent_sql::escrow::tests::a_write_beyond_the_branchs_claim_is_refused_at_write_time ... ok
test agent_sql::escrow::tests::a_batch_that_only_overdraws_in_aggregate_is_refused ... ok
test agent_sql::changeset::tests::a_lossy_row_makes_the_whole_merge_lossy_never_clean ... ok
test agent_sql::changeset::tests::a_conflicting_row_outranks_a_commuting_one ... ok
test agent_sql::gate::tests::a_cheap_check_that_almost_never_fires_sorts_last ... ok
test agent_sql::dispatch::tests::a_row_id_past_i64_max_is_not_reported_as_negative ... ok
test agent_sql::gate::tests::an_empty_gate_and_a_gate_where_nothing_fires_both_pass ... ok
test agent_sql::gate::tests::every_check_in_a_tier_runs_even_after_one_has_fired ... ok
test agent_sql::gate::tests::a_later_tier_does_not_run_once_an_earlier_one_has_fired ... ok
test agent_sql::gate::tests::outcome_follows_epistemic_status_not_severity ... ok
test agent_sql::gate::tests::the_most_severe_status_in_a_tier_decides ... ok
test agent_sql::gate::tests::a_row_that_could_not_be_evaluated_outranks_every_row_that_held ... ok
test agent_sql::gate::tests::tier_order_is_computed_from_cost_over_rejection_probability ... ok
test agent_sql::gate::tests::a_sound_finding_carries_the_violated_predicate ... ok
test agent_sql::gate::tests::the_blind_write_metric_quarantines_and_cannot_reject ... ok
test agent_sql::gate::tests::every_broken_assertion_reaches_the_caller_in_one_round_trip ... ok
test agent_sql::dispatch::tests::every_agent_output_row_matches_its_declared_column_count ... ok
test agent_sql::gate::tests::an_assertion_that_examined_no_rows_is_a_hard_reject_not_a_pass ... ok
test agent_sql::dispatch::tests::only_an_empty_diff_returns_no_rows ... ok
test agent_sql::gate::tests::an_assertion_fires_when_it_is_false_and_stays_quiet_when_it_holds ... ok
test agent_sql::merge_engine::tests::a_guard_that_fails_against_merged_state_returns_its_predicate ... ok
test agent_sql::merge_engine::tests::composing_two_identical_adds_does_not_collapse_them ... ok
test agent_sql::merge_engine::tests::identical_concurrent_writes_are_not_a_conflict ... ok
test agent_sql::merge_engine::tests::lww_succeeds_but_reports_the_discarded_write ... ok
test agent_sql::merge_engine::tests::an_unevaluable_guard_is_not_reported_as_a_failed_one ... ok
test agent_sql::merge_engine::tests::invert_refuses_an_assign_with_no_before_image ... ok
test agent_sql::merge_engine::tests::a_replayed_frame_contributes_its_increments_once ... ok
test agent_sql::merge_engine::tests::two_decrements_compose_arithmetically ... ok
test agent_sql::merge_engine::tests::concurrent_assigns_are_forbidden_by_default_not_silently_lww ... ok
test agent_sql::merge_engine::tests::merger_trait_reports_commuting_for_two_branch_decrements ... ok
test agent_sql::paged_rows::tests::a_table_range_excludes_its_neighbours ... ok
test agent_sql::paged_rows::tests::an_empty_row_round_trips ... ok
test agent_sql::paged_rows::tests::a_truncated_row_is_refused_rather_than_panicking ... ok
test agent_sql::paged_rows::tests::split_rejects_a_wrong_length_key ... ok
test agent_sql::paged_rows::tests::the_last_table_id_still_has_a_usable_upper_bound ... ok
test agent_sql::paged_rows::tests::every_value_variant_round_trips ... ok
test agent_sql::paged_rows::tests::an_unknown_tag_is_refused ... ok
test agent_sql::designated::tests::refuses_only_a_runtime_that_is_not_designated ... ok
test agent_sql::paged_rows::tests::trailing_bytes_are_refused ... ok
test agent_sql::mem_catalog::tests::fork_records_the_child_in_the_parent_and_shares_the_root ... ok
test agent_sql::mem_catalog::tests::reading_a_reaped_branch_is_a_hard_error_not_stale_data ... ok
test agent_sql::paged_rows::tests::keys_sort_in_numeric_row_order ... ok
test agent_sql::paged_rows::tests::each_wide_variant_round_trips_on_its_own ... ok
test agent_sql::persistent_map::tests::a_no_op_insert_if_absent_shares_the_whole_tree ... ok
test agent_sql::persistent_map::tests::empty_map_answers_without_panicking ... ok
test agent_sql::persistent_map::tests::insert_if_absent_is_first_touch_wins ... ok
test agent_sql::persistent_map::tests::size_hint_is_exact_so_collect_preallocates ... ok
test agent_sql::persistent_map::tests::a_chain_of_clones_sees_its_ancestry_at_fork_time_and_nothing_later ... ok
test agent_sql::persistent_map::tests::siblings_are_invisible_to_each_other ... ok
test agent_sql::persistent_map::tests::range_agrees_with_btreemap_on_every_window ... ok
test agent_sql::persistent_map::tests::a_clone_does_not_see_writes_made_through_the_original_afterwards ... ok
test agent_sql::persistent_map::tests::string_keys_borrow_for_lookup ... ok
test agent_sql::persistent_map::tests::the_original_does_not_see_writes_made_through_a_clone ... ok
test agent_sql::runtime::tests::the_ordinary_reservation_and_a_leaked_range_are_both_allowed ... ok
test agent_sql::runtime::tests::a_reservation_that_would_re_issue_a_version_sequence_is_refused ... ok
test agent_sql::persistent_map::tests::a_write_after_a_clone_shares_every_subtree_it_did_not_touch ... ok
test agent_sql::runtime::tests::the_txn_ref_index_tracks_a_scan_of_the_workspaces ... ok
test agent_sql::runtime::tests::a_recycled_slot_does_not_strand_the_displaced_workspaces_capture ... ok
test agent_sql::runtime::tests::the_door_audit_fires_on_a_desynchronised_index - should panic ... ok
test agent_sql::runtime::tests::the_index_scan_assertion_fires_on_a_desynchronised_index - should panic ... ok
test agent_sql::persistent_map::tests::one_write_allocates_a_path_not_a_tree ... ok
test agent_sql::persistent_map::tests::descending_inserts_stay_balanced_too ... ok
test binder::binder::tests::test_duplicate_qualifier ... ok
test agent_sql::paged_rows::tests::the_last_table_scans_its_own_rows ... ok
test agent_sql::persistent_map::tests::ascending_inserts_stay_balanced_rather_than_degenerating_into_a_list ... ok
test agent_sql::paged_rows::tests::a_scan_returns_only_the_requested_table_in_row_order ... ok
test agent_sql::paged_rows::tests::a_write_under_one_root_is_invisible_from_another_root ... ok
test agent_sql::paged_rows::tests::a_delete_removes_only_its_own_row ... ok
test binder::binder::tests::test_expand_star ... ok
test binder::binder::tests::test_resolve_qualified_unique ... ok
test binder::binder::tests::test_resolve_ambiguous ... ok
test binder::binder::tests::test_resolve_unknown_column ... ok
test binder::binder::tests::test_resolve_unknown_table ... ok
test agent_sql::persistent_map::tests::it_behaves_like_a_btreemap_over_a_random_looking_workload ... ok
test agent_sql::paged_rows::tests::a_row_survives_a_round_trip_through_pages ... ok
test binder::binder::tests::test_ambiguous_column ... ok
test binder::binder::tests::test_bind_rejects_an_agent_statement_as_a_plan ... ok
test binder::binder::tests::every_statement_bind_does_not_plan_returns_an_error_rather_than_panicking ... ok
test binder::binder::tests::test_binding_a_plain_plan_from_an_as_of_table_is_refused_not_silently_main ... ok
test binder::binder::tests::test_literal ... ok
test binder::binder::tests::test_duplicate_qualifier_bind ... ok
test binder::binder::tests::test_self_join ... ok
test binder::binder::tests::test_simple_select ... ok
test binder::binder::tests::test_join ... ok
test binder::binder::tests::test_unkown_table ... ok
test binder::binder::tests::test_select_star ... ok
test branch::arena::tests::a_base_whose_id_was_reissued_is_refused_rather_than_encoded_against ... ok
test branch::arena::tests::a_chain_stops_growing_at_the_bound_rather_than_being_caught_on_read ... ok
test branch::arena::tests::a_private_page_is_mutated_in_place_not_shadowed ... ok
test branch::arena::tests::a_released_page_forgets_the_base_it_was_a_shadow_of ... ok
test branch::arena::tests::a_corrupt_free_space_map_is_refused_not_partially_loaded ... ok
test branch::arena::tests::a_shadow_nobody_touched_encodes_to_no_runs_although_its_header_differs ... ok
test binder::binder::tests::test_bind_revert_merge_defaults_to_halt ... ok
test branch::arena::tests::a_checkpoint_describing_another_region_is_refused ... ok
test branch::arena::tests::a_v2_checkpoint_image_still_loads_after_the_v3_bump ... ok
test branch::arena::tests::a_torn_page_is_refused_rather_than_returned ... ok
test branch::arena::tests::a_shadow_that_rewrote_the_page_is_refused_a_delta ... ok
test binder::binder::tests::test_bind_select_as_of_resolves_the_branch_and_the_columns ... ok
test branch::arena::tests::a_shadow_that_changed_a_little_encodes_to_a_delta_far_under_a_page ... ok
test branch::arena::tests::an_arena_region_is_still_off_limits_after_reopening_the_file ... ok
test branch::arena::tests::an_unarmed_store_appends_nothing ... ok
test branch::arena::tests::an_inherited_page_is_shadowed_and_the_original_is_left_alone ... ok
test binder::binder::tests::test_bind_without_a_session_or_branch_is_an_error ... ok
test branch::arena::tests::arena_rolls_over_when_an_extent_fills ... ok
test binder::binder::tests::test_bind_diff_merge_abandon_default_to_the_session_branch ... ok
test branch::arena::tests::d85_extent_is_empty_refuses_an_unprobed_restored_extent ... ok
test binder::binder::tests::a_bound_session_carries_the_prompt_verbatim ... ok
test branch::arena::tests::fork_allocates_no_page_at_all ... ok
test branch::arena::tests::d87_probing_an_extent_from_zero_reports_the_pages_actually_written ... ok
test branch::arena::tests::freeing_a_superseded_extent_leaves_the_owner_on_its_current_one ... ok
test branch::arena::tests::free_space_map_survives_a_restart ... ok
test branch::arena::tests::freeing_an_extent_forgets_its_owner_and_no_other_branch ... ok
test branch::arena::tests::freed_extents_are_recycled_rather_than_leaked ... ok
test branch::arena::tests::freeing_an_extent_forgets_only_its_own_shadow_bases ... ok
test branch::arena::tests::freeing_an_extent_gives_back_its_fill_suspicion_too ... ok
test branch::arena::tests::privacy_barrier_is_the_later_of_own_fork_and_latest_child_fork ... ok
test branch::arena::tests::live_arenas_comes_back_in_arena_id_order ... ok
test branch::arena::tests::a_zero_filled_extension_is_read_as_the_end_of_the_tail ... ok
test binder::binder::tests::test_bind_begin_agent_session ... ok
test branch::arena::tests::shadowing_a_page_you_own_records_no_delta_base ... ok
test branch::arena::tests::shadowing_your_own_page_across_a_child_fork_parks_the_original ... ok
test branch::arena::tests::checkpoint_round_trips_through_a_file ... ok
test branch::arena::tests::store_refuses_to_share_the_bitmap_allocators_region ... ok
test branch::arena::tests::the_checkpoint_image_lists_extents_and_current_arenas_in_key_order ... ok
test branch::arena::tests::d85_next_free_after_a_crash_and_what_extent_is_empty_then_says ... ok
test branch::arena::tests::the_image_walker_agrees_with_state_bytes_on_a_fully_populated_store ... ok
test branch::arena::tests::the_image_walker_refuses_a_corrupt_image_instead_of_trusting_its_counts ... ok
test branch::arena::tests::a_bad_record_with_records_behind_it_is_refused_rather_than_silently_truncating_the_map ... ok
test branch::arena::tests::an_unknown_tail_record_kind_is_refused_rather_than_skipped ... ok
test branch::arena::tests::the_checkpoint_syncs_the_image_before_the_rename_and_the_directory_after_it ... ok
test branch::attest::tests::a_fork_from_an_unknown_parent_is_reported ... ok
test branch::attest::tests::a_branch_with_no_fork_entry_is_reported ... ok
test branch::arena::tests::reopen_from_checkpoint_takes_the_base_from_the_image_not_the_caller ... ok
test branch::attest::tests::a_recycled_id_slot_does_not_inherit_the_reaped_branchs_chain ... ok
test branch::attest::tests::a_rewritten_past_cannot_be_made_consistent_with_a_published_root ... ok
test branch::attest::tests::an_empty_head_must_still_carry_the_empty_root ... ok
test branch::attest::tests::an_honest_history_verifies ... ok
test branch::attest::tests::consistency_verification_refuses_malformed_proofs ... ok
test branch::arena::tests::two_stores_in_the_same_state_checkpoint_byte_identical_images ... ok
test branch::attest::tests::every_field_of_an_entry_is_covered_by_the_chain ... ok
test branch::attest::tests::genesis_is_not_zero ... ok
test branch::attest::tests::inclusion_verification_refuses_every_way_a_proof_can_be_wrong ... ok
test branch::attest::tests::largest_power_of_two_below_is_strict ... ok
test branch::attest::tests::leaf_and_node_hashing_are_domain_separated ... ok
test branch::attest::tests::mutating_a_historical_record_breaks_the_chain_and_names_it ... ok
test branch::attest::tests::mutating_the_last_entry_of_a_slot_is_caught_by_the_published_head ... ok
test branch::attest::tests::relabelling_an_entry_as_a_fork_cannot_excise_its_predecessors ... ok
test branch::attest::tests::reordering_entries_breaks_consistency ... ok
test branch::attest::tests::replaying_a_fork_entry_cannot_truncate_a_branchs_ancestry ... ok
test branch::attest::tests::the_canonical_encoding_round_trips ... ok
test branch::attest::tests::the_empty_tree_head_is_the_published_sha256_of_the_empty_string ... ok
test branch::attest::tests::the_entry_encoding_is_fixed_width_and_injective ... ok
test branch::attest::tests::the_generation_changes_the_attestation ... ok
test branch::attest::tests::a_third_party_holding_no_database_can_check_a_proof ... ok
test branch::attest::tests::the_op_codes_are_a_wire_format ... ok
test branch::attest::tests::truncation_is_invisible_to_a_chain_walk_and_visible_to_a_witnessed_root ... ok
test branch::arena::tests::a_torn_final_record_is_dropped_and_the_records_in_front_of_it_survive ... ok
test branch::attest::tests::verification_does_not_fire_on_legitimate_histories ... ok
test branch::attest::tests::verify_branch_findings_do_not_name_a_digest_nothing_produced ... ok
test branch::attest::tests::verify_against_a_published_head_catches_a_mutation_at_every_index ... ok
test branch::attest::tests::verifying_a_branch_that_is_not_in_the_log_is_a_finding_not_a_pass ... ok
test branch::catalog::tests::a_chain_far_past_the_old_cap_forks_and_reports_its_depth ... ok
test branch::catalog::tests::a_recycled_id_slot_never_answers_to_the_old_handle ... ok
test branch::arena::tests::freeing_an_extent_checkpoints_the_map_so_a_restart_gets_the_space_back ... ok
test branch::catalog::tests::a_slot_still_pinning_children_is_not_recycled ... ok
test branch::catalog::tests::a_parent_listing_only_reaped_children_comes_back_with_an_empty_array ... ok
test branch::catalog::tests::a_torn_tail_keeps_every_intact_record ... ok
test branch::catalog::tests::epochs_are_strictly_monotonic_across_forks ... ok
test branch::catalog::tests::every_record_sweep_comes_back_in_branch_id_order ... ok
test branch::catalog::tests::expired_before_excludes_trunk_the_unexpired_and_the_not_live ... ok
test branch::catalog::tests::fork_records_the_child_in_the_parent_atomically ... ok
test branch::catalog::tests::a_runtime_release_and_a_reload_agree_on_which_slot_is_next ... ok
test branch::catalog::tests::reading_a_reaped_branch_is_a_hard_error ... ok
test branch::catalog::tests::reparent_moves_the_four_position_fields_and_nothing_else ... ok
test branch::catalog::tests::reparent_refuses_a_branch_that_is_no_longer_readable ... ok
test branch::catalog::tests::the_live_child_queries_answer_the_rule_the_array_used_to ... ok
test branch::arena::tests::loading_a_map_from_outside_makes_the_next_persist_a_full_rewrite ... ok
test branch::cherry::tests::a_failed_commit_that_touched_one_row_twice_restores_the_original_image ... ok
test branch::catalog::tests::durable_catalog_survives_a_reopen ... ok
test branch::cherry::tests::a_landed_pick_is_undone_by_the_inverse_plan_through_the_same_door ... ok
test branch::cherry::tests::a_multi_row_pick_lands_every_row_in_one_commit ... ok
test branch::cherry::tests::a_selected_op_is_not_counted_as_its_own_divergence ... ok
test branch::cherry::tests::an_uninvertible_write_refuses_rather_than_guessing ... ok
test branch::cherry::tests::regression_an_unselected_source_op_must_not_excuse_a_target_move ... ok
test branch::arena::tests::a_free_and_an_immediate_reclaim_of_one_range_survive_a_restart_in_that_order ... ok
test branch::cherry::tests::row01_unchanged_target_cell_applies_clean ... ok
test branch::cherry::tests::row02_commuting_divergence_is_found_when_the_targets_op_has_the_lower_seq ... ok
test branch::cherry::tests::row02_max_and_min_divergences_commute_as_well_as_add ... ok
test branch::cherry::tests::row02_target_moved_but_ops_commute_applies_composed_onto_target ... ok
test branch::cherry::tests::row03_target_moved_and_ops_contradict_refuses_whole ... ok
test branch::cherry::tests::row04_target_moved_to_the_same_value_is_not_a_conflict ... ok
test branch::cherry::tests::row06_no_recorded_witness_refuses_rather_than_assuming_unchanged ... ok
test branch::cherry::tests::row05_lww_policy_applies_and_reports_the_discarded_write ... ok
test branch::cherry::tests::row07_cell_op_on_a_row_the_target_does_not_have_refuses ... ok
test branch::cherry::tests::row08_a_column_past_the_end_of_a_created_row_image_also_refuses ... ok
test branch::cherry::tests::row08_column_past_the_end_of_the_target_row_refuses ... ok
test branch::cherry::tests::row09_rowcreate_onto_an_absent_row_materialises_it ... ok
test branch::cherry::tests::row10_rowcreate_onto_a_row_that_already_exists_refuses ... ok
test branch::cherry::tests::row11_rowdelete_of_a_present_row_removes_it ... ok
test branch::cherry::tests::row12_rowdelete_of_an_absent_row_refuses ... ok
test branch::cherry::tests::row13_note_a_straddled_selection_is_reported_not_refused ... ok
test branch::cherry::tests::row13_two_selected_ops_on_one_cell_compose_into_one_write ... ok
test branch::cherry::tests::row14_ops_with_no_composition_in_the_algebra_refuse_whole ... ok
test branch::cherry::tests::row15_the_same_op_selected_twice_refuses_because_add_is_not_idempotent ... ok
test branch::cherry::tests::row16_a_cell_op_on_a_row_this_pick_creates_folds_into_the_insert ... ok
test branch::cherry::tests::row17_a_cell_op_after_a_delete_in_the_same_pick_refuses ... ok
test branch::cherry::tests::row18_a_selector_naming_no_recorded_op_refuses ... ok
test branch::cherry::tests::row19_a_selector_naming_another_branchs_op_refuses ... ok
test branch::cherry::tests::row20_an_empty_selection_is_refused_not_treated_as_satisfied ... ok
test branch::cherry::tests::row21_a_commit_that_fails_partway_leaves_the_target_unchanged ... ok
test branch::cherry::tests::row21_a_refusal_leaves_no_partial_write_even_when_earlier_ops_were_clean ... ok
test branch::attest::tests::the_incremental_tree_matches_the_rfc_recursion ... ok
test branch::cherry::tests::row21_control_the_same_selection_applies_whole_when_nothing_moved ... ok
test branch::cherry::tests::row22_a_set_op_on_a_cell_refuses_rather_than_erroring ... ok
test branch::cherry::tests::row23_a_whole_row_op_with_a_cell_kind_refuses_rather_than_erroring ... ok
test branch::cherry::tests::row24_a_delete_then_create_selection_replaces_the_row ... ok
test branch::arena::tests::parking_pages_by_the_interval_rule_reaches_the_durable_map ... ok
test branch::cherry::tests::row25_a_create_then_delete_selection_still_checks_the_create ... ok
test branch::cherry::tests::row26_a_cell_op_before_a_delete_in_the_same_pick_is_subsumed ... ok
test branch::cherry::tests::row27_divergence_that_does_not_explain_the_targets_value_is_not_trusted ... ok
test branch::cherry::tests::the_inverse_of_a_create_is_a_delete_and_of_a_delete_a_create ... ok
test branch::cherry::tests::the_inverse_of_a_replacing_create_restores_the_prior_image ... ok
test branch::cherry::tests::the_straddle_reporter_is_silent_on_a_contiguous_selection ... ok
test branch::delta::delta_tests::a_delta_refuses_a_payload_that_is_not_a_page ... ok
test branch::delta::delta_tests::a_record_claiming_a_run_past_the_payload_is_refused ... ok
test branch::arena::tests::the_public_checkpoint_stages_through_the_durable_helper ... ok
test branch::delta::delta_tests::a_refused_apply_writes_no_bytes_at_all ... ok
test branch::delta::delta_tests::a_compacting_update_blows_the_budget_and_is_stored_whole ... ok
test branch::delta::delta_tests::a_record_round_trips_through_bytes_and_rebuilds_the_page ... ok
test branch::delta::delta_tests::a_width_change_makes_compaction_strictly_worse ... ok
test branch::delta::delta_tests::a_delta_chain_never_makes_a_read_deeper_than_the_bound ... ok
test branch::delta::delta_tests::a_delta_round_trips_through_the_real_node_encoder ... ok
test branch::delta::delta_tests::an_unchanged_page_encodes_to_no_runs_at_all ... ok
test branch::delta::delta_tests::apply_refuses_runs_that_overlap_or_run_backwards ... ok
test branch::catalog::tests::live_children_is_derived_at_replay_and_excludes_reaped_children ... ok
test branch::delta::delta_tests::d93_sweep ... ignored, measurement, not a guard; run explicitly to regenerate the banked table
test branch::delta::delta_tests::every_truncation_of_a_record_is_refused_rather_than_read_short ... ok
test branch::delta::delta_tests::materialise_accepts_a_chain_at_the_bound_and_refuses_one_past_it ... ok
test branch::delta::delta_tests::decode_refuses_a_delta_that_is_truncated_or_has_trailing_bytes ... ok
test branch::delta::delta_tests::encoded_len_is_exactly_the_length_of_the_real_encoding ... ok
test branch::delta::delta_tests::runs_coalesce_exactly_when_the_gap_is_not_worth_its_framing ... ok
test branch::delta::delta_tests::the_read_amplification_bound_is_arithmetic_not_hope ... ok
test branch::delta::delta_tests::the_writer_occupies_exactly_what_the_cost_model_charges ... ok
test branch::group_commit::tests::a_failed_sync_leaves_the_group_usable ... ok
test branch::group_commit::tests::a_ticket_taken_during_a_sync_is_not_claimed_by_that_sync ... ok
test branch::lease_thread::tests::a_gate_that_skips_the_scan_is_refused_rather_than_ignored - should panic ... ok
test branch::delta::delta_tests::four_changed_rows_cost_at_least_ten_times_less_than_four_whole_pages ... ok
test branch::lease_thread::tests::an_unset_knob_is_the_default_and_not_a_refusal ... ok
test branch::lease_thread::tests::a_database_with_no_interrupted_reap_resumes_nothing ... ok
lease: reaped 1 expired branch(es) with no client cooperation (b1@g0); 1 workspace(s) forgotten
test branch::lease_thread::tests::d127_a_capped_refusal_report_still_states_the_true_count ... ok
test branch::lease_thread::tests::a_reaped_branchs_workspace_is_forgotten_without_the_client_saying_anything ... ok
test branch::arena::tests::putting_the_pending_log_back_reaches_the_durable_map ... ok
test branch::delta::delta_tests::stored_bytes_track_rows_changed_rather_than_pages_touched ... ok
test branch::catalog::tests::two_opens_of_one_log_recycle_branch_ids_in_the_same_order ... ok
test branch::lease_thread::tests::d88_the_orphan_sweep_does_not_run_inside_the_statement_lock ... ok
test branch::lease_thread::tests::d127_a_clean_sweep_reports_no_refusal_at_all ... ok
test branch::arena::tests::a_page_allocated_after_the_last_checkpoint_is_not_reissued_over_a_live_root ... ok
test branch::lease_thread::tests::d127_a_refused_reap_is_counted_and_printed_and_does_not_stop_the_sweep ... ok
test branch::lease_thread::tests::d127_the_trait_sweep_counts_a_refusal_it_cannot_report ... ok
test branch::lease_thread::tests::the_scan_interval_knob_refuses_every_value_it_cannot_use ... ok
test branch::lease_thread::tests::an_unexpired_branch_survives_every_scan ... ok
test branch::reaper::tests::log_catalog::a_branch_that_dies_before_flushing_allocates_zero_pages ... ok
lease: finished 1 reap(s) a crash interrupted (b1@g0); 0 workspace(s) forgotten
test branch::lease_thread::tests::start_finishes_a_reap_a_crash_interrupted_before_any_scan_runs ... ok
lease: reaped 1 expired branch(es) with no client cooperation (b1@g0); 0 workspace(s) forgotten
lease: reaped 1 expired branch(es) with no client cooperation (b8@g0); 0 workspace(s) forgotten
test branch::arena::tests::a_reopened_store_rewrites_the_image_before_it_appends_again ... ok
test branch::lease_thread::tests::d98_a_branch_renewed_after_the_query_is_not_reaped ... ok
test branch::reaper::tests::log_catalog::a_crash_orphaned_extent_is_collected_when_the_store_is_reopened ... ok
test branch::lease_thread::tests::the_thread_reaps_an_expired_branch_with_nobody_asking_it_to ... ok
test branch::reaper::tests::log_catalog::a_drain_that_fails_partway_records_the_arenas_it_already_touched ... ok
test branch::reaper::tests::log_catalog::a_drain_whose_sweep_never_runs_records_its_touched_arenas ... ok
lease: reaped 12 expired branch(es) with no client cooperation (b12@g0, b11@g0, b10@g0, b9@g0, b8@g0, b7@g0, b6@g0, b5@g0, b4@g0, b3@g0, b2@g0, b1@g0); 0 workspace(s) forgotten
test branch::lease_thread::tests::d98_one_acquisition_never_reaps_more_than_a_chunk ... ok
test branch::reaper::tests::log_catalog::a_pinned_page_is_not_released_while_the_child_lives ... ok
test branch::reaper::tests::log_catalog::a_refused_reap_is_not_the_same_answer_as_a_lease_that_moved ... ok
test branch::reaper::tests::log_catalog::a_reap_interrupted_by_a_crash_is_resumed_not_leaked ... ok
test branch::reaper::tests::log_catalog::a_slow_path_reap_that_parks_nothing_still_gives_its_extents_back ... ok
test branch::reaper::tests::log_catalog::a_failing_residue_sweep_puts_the_deferred_arenas_back ... ok
test branch::reaper::tests::log_catalog::a_freed_extent_is_reused_so_a_second_wave_costs_no_new_space ... ok
test branch::reaper::tests::log_catalog::an_interrupted_reap_resumes_deepest_first_so_no_id_slot_is_stranded ... ok
test branch::reaper::tests::log_catalog::d85_a_live_childs_pages_survive_a_reap_after_a_crash_understated_next_free ... ok
test branch::reaper::tests::log_catalog::fast_path_frees_extents_wholesale_without_touching_a_page_header ... ok
test branch::reaper::tests::log_catalog::expired_scan_reaps_deepest_first_so_a_whole_chain_goes_back ... ok
test branch::arena::tests::the_next_claim_after_a_tail_restore_does_not_overlap_an_extent_the_tail_named ... ok
test branch::reaper::tests::log_catalog::reap_is_idempotent_and_a_stale_handle_is_refused ... ok
test branch::reaper::tests::log_catalog::reap_marks_a_branch_reaped_before_detaching_it_from_its_parent ... ok
test branch::arena::tests::parking_a_page_forces_the_next_claim_to_rewrite_instead_of_appending ... ok
test branch::reaper::tests::log_catalog::renewing_a_lease_keeps_a_branch_out_of_the_scan ... ok
test branch::reaper::tests::log_catalog::slow_path_pins_pages_a_live_child_can_still_see_then_releases_them ... ok
test branch::reaper::tests::log_catalog::branches_abandoned_before_a_restart_are_still_reaped_after_it ... ok
lease: reaped 1 expired branch(es) with no client cooperation (b1@g0); 0 workspace(s) forgotten
test branch::reaper::tests::log_catalog::the_crash_orphan_collector_fires_on_state_the_narrowed_sweep_cannot_see ... ok
test branch::lease_thread::tests::a_scan_does_not_reap_while_a_merge_holds_the_runtime_lock ... ok
test branch::reaper::tests::log_catalog::the_orphan_collector_runs_on_the_first_tick_then_only_once_per_cadence ... ok
test branch::arena::tests::a_restart_recovers_the_claims_that_live_only_in_the_tail ... ok
test branch::reaper::tests::log_catalog::the_narrowed_sweep_leaves_the_global_scan_nothing_to_find ... ok
test branch::reaper::tests::log_catalog::the_orphan_collector_refuses_a_live_owner_and_refuses_a_non_empty_extent ... ok
test branch::lease_thread::tests::a_signalled_halt_returns_at_once_instead_of_sleeping_the_interval ... ok
test branch::reaper::tests::log_catalog::trunk_is_never_reaped ... ok
test branch::attest::tests::every_entry_has_a_log_sized_inclusion_proof_that_verifies ... ok
test branch::arena::tests::a_claim_appends_one_record_where_it_used_to_rewrite_the_whole_image ... ok
test branch::lease_thread::tests::dropping_the_lease_thread_stops_it ... ok
test branch::reaper::tests::log_catalog::reaping_n_branches_costs_no_catalog_descent_per_branch ... ok
test branch::reaper::tests::table_catalog::a_branch_that_dies_before_flushing_allocates_zero_pages ... ok
test branch::reaper::tests::table_catalog::a_crash_orphaned_extent_is_collected_when_the_store_is_reopened ... ok
test branch::lease_thread::tests::stop_does_not_wait_out_the_scan_interval ... ok
test branch::reaper::tests::table_catalog::a_drain_that_fails_partway_records_the_arenas_it_already_touched ... ok
test branch::reaper::tests::table_catalog::a_drain_whose_sweep_never_runs_records_its_touched_arenas ... ok
test branch::reaper::tests::log_catalog::the_reaper_does_not_fire_before_the_lease_expires ... ok
test branch::reaper::tests::log_catalog::reclaimed_space_is_reclaimed_on_disk_not_merely_in_a_counter ... ok
test branch::reaper::tests::table_catalog::a_failing_residue_sweep_puts_the_deferred_arenas_back ... ok
test branch::reaper::tests::log_catalog::a_fast_path_reap_reaches_the_durable_map_not_just_memory ... ok
test branch::reaper::tests::table_catalog::a_pinned_page_is_not_released_while_the_child_lives ... ok
test branch::reaper::tests::table_catalog::a_reap_interrupted_by_a_crash_is_resumed_not_leaked ... ok
test branch::reaper::tests::table_catalog::a_refused_reap_is_not_the_same_answer_as_a_lease_that_moved ... ok
test branch::reaper::tests::table_catalog::a_slow_path_reap_that_parks_nothing_still_gives_its_extents_back ... ok
test branch::attest::tests::a_legitimate_append_stays_consistent_at_every_pair_of_sizes ... ok
test branch::reaper::tests::log_catalog::a_slow_path_reap_and_the_drain_that_follows_both_reach_the_durable_map ... ok
test branch::reaper::tests::table_catalog::reap_marks_a_branch_reaped_before_detaching_it_from_its_parent ... ok
test branch::reaper::tests::table_catalog::an_interrupted_reap_resumes_deepest_first_so_no_id_slot_is_stranded ... ok
test branch::reaper::tests::table_catalog::reap_is_idempotent_and_a_stale_handle_is_refused ... ok
test branch::reaper::tests::table_catalog::d85_a_live_childs_pages_survive_a_reap_after_a_crash_understated_next_free ... ok
test branch::reaper::tests::table_catalog::fast_path_frees_extents_wholesale_without_touching_a_page_header ... ok
test branch::reaper::tests::table_catalog::the_crash_orphan_collector_fires_on_state_the_narrowed_sweep_cannot_see ... ok
test branch::reaper::tests::table_catalog::renewing_a_lease_keeps_a_branch_out_of_the_scan ... ok
test branch::reaper::tests::table_catalog::slow_path_pins_pages_a_live_child_can_still_see_then_releases_them ... ok
test branch::record::core_record_tests::a_wrong_length_core_record_is_refused ... ok
test branch::reaper::tests::table_catalog::the_orphan_collector_refuses_a_live_owner_and_refuses_a_non_empty_extent ... ok
test branch::reaper::tests::table_catalog::trunk_is_never_reaped ... ok
test branch::reaper::tests::table_catalog::a_fast_path_reap_reaches_the_durable_map_not_just_memory ... ok
test branch::record::core_record_tests::an_absent_parent_is_distinguishable_from_parent_zero ... ok
test branch::record::core_record_tests::d5_into_hydrated_is_the_only_exit_and_it_carries_both_fields ... ok
test branch::record::core_record_tests::the_core_record_round_trips_every_field_it_carries ... ok
test branch::record::tests::a_column_off_the_allowlist_is_refused_and_one_on_it_writes ... ok
test branch::record::tests::a_corrupt_envelope_is_rejected_not_defaulted ... ok
test branch::reaper::tests::table_catalog::the_orphan_collector_runs_on_the_first_tick_then_only_once_per_cadence ... ok
test branch::record::tests::a_delete_needs_authority_over_every_column_it_destroys ... ok
test branch::record::tests::a_duplicate_column_keeps_the_tighter_floor ... ok
test branch::record::tests::a_granted_table_resolves_however_the_envelope_was_assembled ... ok
test branch::record::tests::a_record_with_an_envelope_roundtrips_through_bytes ... ok
test branch::record::tests::a_record_written_before_envelopes_existed_still_loads ... ok
test branch::record::tests::a_representation_change_counts_as_writing_the_cell ... ok
test branch::record::tests::a_row_whose_image_did_not_change_costs_nothing ... ok
test branch::record::tests::a_statement_that_overruns_the_budget_is_refused_as_a_whole ... ok
test branch::record::tests::a_table_off_the_allowlist_is_refused_and_one_on_it_writes ... ok
test branch::reaper::tests::table_catalog::a_slow_path_reap_and_the_drain_that_follows_both_reach_the_durable_map ... ok
test branch::record::tests::a_verb_off_the_allowlist_is_refused_and_one_on_it_writes ... ok
test branch::record::tests::an_envelope_can_be_narrowed_but_never_widened ... ok
test branch::record::tests::an_insert_cannot_launder_a_column_or_a_floor_through_a_null ... ok
test branch::record::tests::an_insert_cannot_write_a_column_it_was_not_granted ... ok
test branch::record::tests::an_unknown_floor_tag_is_refused_rather_than_read_as_unbounded ... ok
test branch::record::tests::an_unlisted_table_is_refused_even_for_a_statement_that_matched_nothing ... ok
test branch::record::tests::changed_columns_reads_images_so_an_insert_reports_every_column_it_wrote ... ok
test branch::reaper::tests::log_catalog::abandoned_branches_are_reaped_with_no_client_cooperation_and_pages_return_to_baseline ... ok
test branch::record::tests::charging_past_the_budget_is_refused_at_the_charge_not_only_at_admit ... ok
test branch::record::tests::corrupt_record_is_rejected_not_guessed ... ok
test branch::reaper::tests::table_catalog::expired_scan_reaps_deepest_first_so_a_whole_chain_goes_back ... ok
test branch::record::tests::deleting_a_row_cannot_be_used_to_get_around_a_floor ... ok
test branch::record::tests::depth_counts_past_the_old_cap_and_saturates_instead_of_wrapping ... ok
test branch::record::tests::fork_copies_the_root_pointer_and_nothing_else ... ok
test branch::record::tests::forking_does_not_mint_budget_the_parent_had_already_spent ... ok
test branch::record::tests::live_children_stay_sorted ... ok
test branch::record::tests::reclamation_rule_is_half_open_over_the_fork_epochs ... ok
test branch::record::tests::record_roundtrips_through_bytes ... ok
test branch::record::tests::stale_generation_is_a_hard_error_not_stale_data ... ok
test branch::record::tests::the_envelope_survives_records_of_every_shape ... ok
test branch::record::tests::the_floor_refuses_the_value_whatever_shape_produced_it ... ok
test branch::record::tests::the_verb_comes_from_the_images_not_from_a_statement_keyword ... ok
test branch::record::tests::trailing_bytes_inside_a_valid_checksum_are_refused ... ok
test branch::table_catalog::d10_guard::write_record_new_accepts_a_freshly_forked_child ... ok
test branch::table_catalog::serial_section_profile::where_the_serial_section_goes ... ignored, profiling, not a correctness test; run with --ignored --nocapture
test branch::table_catalog::d10_guard::write_record_new_refuses_a_record_carrying_arenas - should panic ... ok
test branch::table_catalog::tests::a_fresh_catalog_holds_trunk_and_nothing_else ... ok
test branch::table_catalog::tests::a_child_inherits_its_parents_capability_envelope ... ok
test branch::table_catalog::tests::a_child_entry_naming_a_branch_with_no_record_is_refused_not_resolved_away ... ok
test branch::reaper::tests::table_catalog::the_reaper_does_not_fire_before_the_lease_expires ... ok
test branch::table_catalog::tests::a_stale_child_entry_against_a_reaped_child_is_resolved_and_ignored ... ok
test branch::table_catalog::tests::a_migrated_catalog_answers_every_query_the_way_its_source_does ... ok
test branch::reaper::tests::table_catalog::a_freed_extent_is_reused_so_a_second_wave_costs_no_new_space ... ok
test branch::table_catalog::tests::an_arena_appended_the_way_the_page_store_does_it_survives_a_round_trip ... ok
test branch::table_catalog::tests::attach_child_puts_a_branch_into_a_parents_live_set_and_detach_takes_it_out ... ok
test branch::table_catalog::tests::expired_before_selects_only_expired_live_non_trunk_branches ... ok
test branch::table_catalog::tests::fork_records_the_child_in_its_parents_live_set ... ok
test branch::table_catalog::tests::an_interrupted_switchover_prefers_the_tree_and_retires_the_stale_log ... ok
test branch::table_catalog::tests::opening_an_existing_catalog_never_creates_a_fresh_one_over_it ... ok
test branch::table_catalog::tests::reopening_recovers_the_counters_without_replaying_anything ... ok
test branch::table_catalog::tests::writing_a_record_twice_leaves_exactly_one_of_it ... ok
test branch::tree_keys::tests::a_parents_child_span_excludes_the_adjacent_parent ... ok
test branch::tree_keys::tests::a_state_span_holds_that_state_alone ... ok
test branch::tree_keys::tests::an_arena_span_holds_one_branchs_arenas_and_survives_the_wrap ... ok
test branch::table_catalog::tests::scan_returns_every_record_in_branch_id_order ... ok
test branch::tree_keys::tests::encoded_order_matches_numeric_order ... ok
test branch::tree_keys::tests::expired_range_at_max_contains_every_deadline_and_no_other_group ... ok
test branch::table_catalog::tests::the_two_catalogs_agree_about_what_current_epoch_means ... ok
test branch::tree_keys::tests::expired_range_is_inclusive_of_now_and_excludes_the_next_millisecond ... ok
test branch::tree_keys::tests::tag_groups_are_disjoint_and_each_span_contains_only_its_own ... ok
test branch::tree_keys::tests::the_child_key_decoders_refuse_anything_that_is_not_a_child_key ... ok
test branch::types::tests::branch_state_roundtrips ... ok
test branch::types::tests::generation_bump_makes_reaped_id_distinguishable ... ok
test branch::types::tests::lease_expiry_is_a_pure_comparison ... ok
test branch::table_catalog::tests::a_legacy_log_is_migrated_once_and_retired_not_deleted ... ok
test branch::version_graph::tests::a_live_sibling_keeps_a_tombstoned_parent_alive ... ok
test branch::reaper::tests::table_catalog::branches_abandoned_before_a_restart_are_still_reaped_after_it ... ok
test branch::version_graph::tests::a_recycled_id_does_not_inherit_the_old_lineage ... ok
test branch::version_graph::tests::a_tombstone_is_collected_only_once_its_last_descendant_goes ... ok
test branch::version_graph::tests::an_unknown_branch_refuses_rather_than_answering_false ... ok
test branch::version_graph::tests::deep_chain_agrees_with_an_independent_walk ... ok
test branch::version_graph::tests::depth_counts_from_the_root ... ok
test branch::version_graph::tests::forking_from_a_reaped_parent_is_refused ... ok
test branch::version_graph::tests::freeing_a_slot_with_a_descendant_is_refused - should panic ... ok
test branch::version_graph::tests::hop_counts_are_logarithmic_in_depth_and_the_walk_is_linear ... ok
test branch::version_graph::tests::hop_counts_do_not_grow_with_fan_out ... ok
test branch::version_graph::tests::is_ancestor_is_strict_and_directional ... ok
test branch::version_graph::tests::lca_descends_correctly_at_every_level_boundary ... ok
test branch::version_graph::tests::lca_is_reflexive_and_handles_the_parent_case ... ok
test branch::version_graph::tests::lca_of_disjoint_trees_is_none_not_the_trunk ... ok
test branch::version_graph::tests::lca_of_siblings_is_the_fork_point ... ok
test branch::version_graph::tests::level_ancestor_hits_each_level_and_refuses_below_the_node ... ok
test branch::version_graph::tests::reaping_an_interior_branch_preserves_ancestry ... ok
test branch::version_graph::tests::reinserting_a_branch_is_refused ... ok
test branch::version_graph::tests::sibling_candidates_have_a_fork_point_that_survives_pruning ... ok
test branch::version_graph::tests::siblings_are_not_ancestors_of_each_other ... ok
test branch::version_graph::tests::slot_reuse_never_leaks_a_stale_lineage ... ok
test buffer::page_table::tests::a_collision_costs_the_fast_path_and_never_returns_the_wrong_frame ... ok
test buffer::page_table::tests::a_removed_page_is_gone_from_both_halves ... ok
test buffer::buffer_pool::tests::unpinning_without_the_dirty_flag_never_clears_it ... ok
test buffer::buffer_pool::tests::a_refused_delete_leaves_the_page_intact_in_the_pool ... ok
test buffer::buffer_pool::tests::a_refused_free_page_leaves_the_page_intact_in_the_pool ... ok
test buffer::page_table::tests::clear_empties_both_halves ... ok
test buffer::page_table::tests::min_slots_is_rounded_up_to_a_power_of_two ... ok
test buffer::buffer_pool::tests::an_accepted_delete_still_evicts_the_page ... ok
test buffer::page_table::tests::page_zero_in_frame_zero_is_not_mistaken_for_an_empty_slot ... ok
test buffer::page_table::tests::remapping_a_page_moves_its_mirror_entry ... ok
test buffer::page_table::tests::removing_a_collided_out_page_leaves_the_slot_owner_alone ... ok
test buffer::page_table::tests::the_largest_page_id_round_trips ... ok
test buffer::page_table::tests::the_mirror_answers_what_the_map_answers ... ok
test buffer::page_table::tests::a_tagged_slot_always_agrees_with_the_map ... ok
test buffer::touch_queue::tests::a_drain_takes_everything_and_empties_the_queue ... ok
test buffer::touch_queue::tests::concurrent_recorders_lose_nothing ... ok
test buffer::touch_queue::tests::every_recorded_update_comes_back_exactly_once ... ok
test buffer::touch_queue::tests::nothing_is_returned_until_the_batch_is_full ... ok
test buffer::touch_queue::tests::shard_count_is_rounded_up_to_a_power_of_two ... ok
test build_provenance_tests::a_dirty_tree_is_loud_in_the_rendered_provenance ... ok
test build_provenance_tests::the_build_stamp_names_a_real_commit ... ok
test catalog::catalog::tests::dropping_a_table_forgets_its_statistics ... ok
test catalog::catalog::tests::test_catalog_create_open ... ok
test catalog::catalog::tests::test_create_table_adds_time_travel_root ... ok
test catalog::catalog::tests::dropping_a_table_returns_its_pages_including_the_time_travel_heap ... ok
test catalog::catalog::tests::test_create_index ... ok
test catalog::catalog_page::tests::a_long_name_s_own_bytes_are_not_parsed_as_catalog_entries ... ok
test catalog::catalog::tests::test_drop_table ... ok
test catalog::catalog::tests::test_get_table ... ok
test catalog::catalog_page::tests::a_middle_entry_s_fulltext_block_does_not_shift_the_next_entry ... ok
test catalog::catalog::tests::test_persist_orphan_removal ... ok
test catalog::catalog_page::tests::a_name_too_long_for_its_length_field_never_yields_a_page_that_misparses_the_next_entry ... ok
test catalog::catalog_page::tests::a_pre_b8_catalog_page_still_parses_with_no_fulltext_indexes ... ok
test catalog::catalog_page::tests::an_unknown_catalog_page_format_is_refused ... ok
test branch::version_graph::tests::all_pairs_agree_with_the_walk_on_an_irregular_tree ... ok
test catalog::catalog::tests::test_update_roots ... ok
test catalog::catalog_page::tests::every_length_prefix_refuses_the_first_value_it_cannot_express ... ok
test catalog::catalog_page::tests::fulltext_indexes_round_trip_separately_from_btree_indexes ... ok
test catalog::catalog_page::tests::test_add_space_management ... ok
test catalog::catalog_page::tests::test_basic_roundtrip ... ok
test catalog::catalog_page::tests::test_remove_entry ... ok
test catalog::catalog_page::tests::the_largest_value_each_prefix_can_express_still_round_trips ... ok
test catalog::column::tests::a_floor_guard_rejects_a_negative_decimal ... ok
test catalog::column::tests::a_floor_guard_rejects_a_negative_float ... ok
test catalog::column::tests::bigint_orders_by_value_at_the_i64_extremes ... ok
test catalog::column::tests::bigint_versus_float_does_not_widen_past_2_53 ... ok
test catalog::column::tests::bigint_versus_non_finite_floats_matches_total_cmp_placement ... ok
test catalog::column::tests::decimal_beyond_i128_still_compares_exactly ... ok
test branch::reaper::tests::table_catalog::the_narrowed_sweep_leaves_the_global_scan_nothing_to_find ... ok
test catalog::column::tests::decimal_orders_numerically_not_lexicographically ... ok
test catalog::column::tests::decimal_versus_float_uses_the_floats_exact_value ... ok
test catalog::column::tests::decimal_versus_non_finite_floats_is_fixed_and_cycle_free ... ok
test catalog::column::tests::f64_exact_decimal_is_exact_not_shortest ... ok
test catalog::column::tests::float_does_not_outrank_a_larger_integer ... ok
test catalog::column::tests::integer_to_float_widening_is_exact_at_i32_bounds ... ok
test catalog::column::tests::numerically_equal_int_and_float_compare_equal ... ok
test catalog::column::tests::ordering_is_transitive_across_the_numeric_band ... ok
test catalog::column::tests::parse_decimal_accepts_what_sql_writes_and_refuses_what_it_does_not ... ok
test catalog::column::tests::rank_fallback_still_orders_incomparable_variants ... ok
test catalog::column::tests::the_whole_value_domain_is_a_total_order ... ok
test catalog::column::tests::timestamp_compares_by_value_and_sits_outside_the_numeric_band ... ok
test catalog::column::tests::the_numeric_band_is_a_total_order ... ok
test catalog::system_views::tests::a_table_may_not_take_a_view_name_but_an_ordinary_name_is_fine ... ok
test catalog::system_views::tests::every_view_name_resolves_and_nothing_else_does ... ok
test branch::reaper::tests::table_catalog::reclaimed_space_is_reclaimed_on_disk_not_merely_in_a_counter ... ok
test catalog::system_views::tests::hex_of_a_prompt_hash_is_64_characters ... ok
test catalog::system_views::tests::synthetic_row_ids_stay_distinct_past_the_slot_number_width ... ok
test catalog::system_views::tests::u64_values_past_i64_max_are_not_reported_as_negative ... ok
test catalog::system_views::tests::view_names_and_declared_columns_agree_with_the_enum ... ok
test cluster::tests::a_grant_addressed_to_another_node_is_refused ... ok
test cluster::tests::a_grant_from_a_previous_epoch_is_not_issued_from_after_leaving ... ok
test cluster::tests::a_grant_partly_consumed_before_a_crash_resumes_at_the_watermark ... ok
test cluster::tests::a_grant_wholly_below_the_restored_watermark_is_a_duplicate_not_a_rewind ... ok
test cluster::tests::a_lease_tick_never_moves_cluster_time_backwards ... ok
test cluster::tests::a_member_reads_the_replicated_tick_and_never_its_own_clock ... ok
test cluster::tests::a_member_refuses_again_once_its_grant_is_used_up ... ok
test cluster::tests::a_member_with_no_grant_refuses_rather_than_allocating ... ok
test cluster::tests::a_member_with_no_lease_tick_refuses_to_decide_a_lease ... ok
test cluster::tests::a_range_too_narrow_for_the_ask_is_kept_rather_than_split_or_dropped ... ok
test cluster::tests::a_redelivered_grant_issues_nothing_twice ... ok
test cluster::tests::a_standalone_extent_counter_walks_the_same_page_starts_as_fetch_add ... ok
test cluster::tests::a_standalone_node_at_the_end_of_the_value_space_refuses_distinguishably ... ok
test cluster::tests::a_standalone_node_issues_exactly_what_the_old_atomic_counter_did ... ok
test cluster::tests::a_standalone_node_reads_its_own_wall_clock_because_it_is_the_cluster ... ok
test cluster::tests::a_standalone_node_refuses_an_outside_grant ... ok
test cluster::tests::a_standalone_node_self_grants_through_the_same_consume_path ... ok
test cluster::tests::a_take_never_straddles_two_granted_ranges ... ok
test cluster::tests::an_authority_change_never_lowers_the_issued_watermark ... ok
test cluster::tests::an_authority_change_stops_the_old_high_water_clamping_the_new_leaders_grants ... ok
test cluster::tests::an_empty_grant_is_refused_rather_than_ignored ... ok
test cluster::tests::ranges_from_a_superseded_authority_are_not_issued_from ... ok
test cluster::tests::the_issued_watermark_is_the_only_thing_a_checkpoint_has_to_carry ... ok
test cluster::tests::two_members_at_the_same_tick_cannot_disagree_about_expiry ... ok
test cluster::tests::two_members_with_disjoint_grants_never_issue_the_same_value ... ok
test consensus::election::tests_election::a_campaign_in_flight_is_abandoned_when_this_node_learns_it_is_stale ... ok
test consensus::election::tests_election::a_campaign_replays_identically_from_a_seed_and_its_windows_are_not_all_equal ... ok
test consensus::election::tests_election::a_campaign_that_wins_nothing_is_retried_from_the_pre_vote_and_not_from_a_raised_term ... ok
test consensus::election::tests_election::a_granted_vote_is_made_durable_before_it_is_sent ... ok
test consensus::election::tests_election::a_leader_removed_from_its_own_configuration_steps_down ... ok
test consensus::election::tests_election::a_leader_that_hears_only_from_a_minority_still_demotes ... ok
test consensus::election::tests_election::a_leader_that_keeps_hearing_from_a_majority_keeps_its_office ... ok
test consensus::election::tests_election::a_leader_that_stops_hearing_from_a_majority_demotes_itself_before_any_peer_can_win ... ok
test consensus::election::tests_election::a_membership_change_mid_campaign_does_not_move_the_denominator ... ok
test consensus::election::tests_election::a_new_leader_appends_a_no_op_of_its_own_term_before_it_can_commit_anything ... ok
test consensus::election::tests_election::a_new_leader_asserts_its_office_at_once_and_then_on_its_heartbeat_interval ... ok
test consensus::election::tests_election::a_new_leader_starts_every_peer_with_no_evidence_and_optimistic_next ... ok
test consensus::election::tests_election::a_new_term_is_a_new_vote ... ok
test consensus::election::tests_election::a_node_absent_from_its_own_configuration_never_campaigns ... ok
test consensus::election::tests_election::a_node_campaigning_into_a_wall_never_raises_the_clusters_term ... ok
test consensus::election::tests_election::a_node_does_not_vote_twice_in_one_term ... ok
test consensus::election::tests_election::a_node_that_knows_its_configuration_is_stale_does_not_campaign ... ok
test consensus::election::tests_election::a_pre_campaign_does_not_raise_this_nodes_term_and_writes_nothing_durable ... ok
test consensus::election::tests_election::a_pre_candidate_does_not_count_real_votes_it_never_asked_for ... ok
test consensus::election::tests_election::a_pre_vote_answer_about_another_term_is_not_counted ... ok
test consensus::election::tests_election::a_pre_vote_is_refused_by_a_node_that_is_still_being_served_by_a_leader ... ok
test consensus::election::tests_election::a_single_voter_configuration_elects_itself_without_asking_anybody ... ok
test consensus::election::tests_election::a_vote_from_a_node_outside_the_campaign_configuration_is_not_counted ... ok
test consensus::election::tests_election::a_vote_in_the_current_term_is_refused_by_a_node_that_still_has_a_live_leader ... ok
test consensus::election::tests_election::an_older_configuration_report_does_not_mark_a_current_node_stale ... ok
test consensus::election::tests_election::an_unjoined_node_is_not_cleared_by_any_number_of_ticks ... ok
test consensus::election::tests_election::an_unjoined_node_stands_only_once_it_holds_what_a_quorum_holds ... ok
test consensus::election::tests_election::answering_a_pre_vote_neither_raises_the_voters_term_nor_writes_hard_state ... ok
test consensus::election::tests_election::behind_is_cleared_by_applying_a_configuration_and_by_nothing_else ... ok
test consensus::election::tests_election::every_campaign_redraws_its_timeout_inside_the_documented_window ... ok
test consensus::election::tests_election::joining_an_empty_cluster_still_lets_a_new_member_stand ... ok
test consensus::election::tests_election::one_term_never_elects_two_leaders_even_when_every_node_campaigns ... ok
test consensus::election::tests_election::the_campaign_configuration_is_captured_in_the_same_step_that_raises_the_term ... ok
test consensus::election::tests_election::the_election_restriction_compares_last_term_before_last_round ... ok
test consensus::election::tests_election::the_election_restriction_is_applied_to_pre_votes_too ... ok
test consensus::log::tests_log::a_checkpoint_above_the_end_of_the_log_empties_it_and_moves_the_floor ... ok
test consensus::log::tests_log::a_checkpoint_can_be_appended_to_and_the_new_rounds_continue_the_numbering ... ok
test consensus::log::tests_log::a_checkpoint_keeps_the_suffix_across_a_restart ... ok
test consensus::log::tests_log::a_checkpoint_syncs_its_data_before_it_writes_the_header_that_makes_it_live ... ok
test consensus::log::tests_log::a_checkpoint_that_cannot_be_made_durable_poisons_rather_than_returning_an_ordinary_error ... ok
test consensus::log::tests_log::a_checkpoint_whose_term_disagrees_with_the_log_is_refused ... ok
test consensus::log::tests_log::a_crash_at_any_point_during_a_checkpoint_loses_nothing ... ok
test consensus::log::tests_log::a_checkpoint_streams_survivors_larger_than_one_copy_batch ... ok
test consensus::log::tests_log::a_device_error_reading_the_log_is_reported_as_io_and_not_as_corruption ... ok
test consensus::log::tests_log::a_failed_fsync_poisons_rather_than_letting_the_next_one_report_success ... ok
test consensus::log::tests_log::a_frame_is_cross_checked_against_the_position_the_index_says_it_holds ... ok
test consensus::log::tests_log::a_frame_length_that_runs_past_the_file_ends_the_scan_without_allocating_for_it ... ok
test consensus::log::tests_log::a_frame_whose_round_does_not_match_its_position_ends_the_scan ... ok
test consensus::log::tests_log::a_frame_whose_term_goes_backwards_ends_the_scan ... ok
test consensus::log::tests_log::a_header_with_the_wrong_magic_is_not_a_header ... ok
test consensus::log::tests_log::a_live_header_that_cannot_be_read_is_refused_rather_than_reinitialized_over ... ok
test consensus::log::tests_log::a_log_written_at_a_newer_format_version_is_refused_rather_than_reinitialized ... ok
test consensus::log::tests_log::a_long_life_of_appends_truncations_and_checkpoints_stays_consistent ... ok
test consensus::log::tests_log::a_membership_command_carries_its_learners ... ok
test consensus::log::tests_log::a_node_list_claiming_more_entries_than_the_record_holds_is_refused_rather_than_allocated_for ... ok
test consensus::log::tests_log::a_range_is_bounded_by_both_limits_and_still_returns_one_entry_when_it_must ... ok
test consensus::log::tests_log::a_read_below_the_snapshot_floor_refuses_with_compacted_and_names_the_floor ... ok
test consensus::log::tests_log::a_refused_batch_leaves_the_log_exactly_as_it_was ... ok
test consensus::log::tests_log::a_superseded_file_is_retired_so_a_damaged_header_cannot_rewind_the_log ... ok
test consensus::log::tests_log::a_sync_makes_everything_appended_so_far_durable ... ok
test consensus::log::tests_log::a_torn_first_header_write_does_not_brick_a_log_that_has_nothing_in_it ... ok
test consensus::log::tests_log::a_torn_tail_is_trimmed_and_everything_before_it_survives ... ok
test consensus::log::tests_log::a_truncation_that_cannot_be_made_durable_poisons_the_log ... ok
test branch::table_catalog::d126_record_key_probe::renew_lease_never_un_reads_the_record_and_the_neighbour_never_moves ... ok
test consensus::log::tests_log::a_value_the_length_fields_cannot_express_is_refused_before_it_becomes_durable ... ok
test consensus::log::tests_log::a_zero_terminator_stops_the_scan_before_a_frame_left_over_from_an_earlier_life ... ok
test consensus::log::tests_log::an_append_leaves_a_zero_terminator_on_the_disk ... ok
test branch::table_catalog::d126_record_key_probe::the_record_key_is_never_absent_while_it_is_rewritten ... ok
test consensus::log::tests_log::an_unknown_tag_is_refused_at_every_level ... ok
test consensus::log::tests_log::crossing_into_ferro_error_keeps_a_corruption_a_corruption ... ok
test consensus::log::tests_log::every_command_variant_survives_a_round_trip_through_the_log_and_a_restart ... ok
test consensus::log::tests_log::rounds_are_contiguous_from_one_and_an_append_that_would_leave_a_hole_is_refused ... ok
test consensus::log::tests_log::terms_never_decrease_along_the_log ... ok
test consensus::log::tests_log::the_column_type_tags_agree_with_the_wals ... ok
test consensus::log::tests_log::the_command_decoder_refuses_a_truncated_record_rather_than_panicking ... ok
test consensus::log::tests_log::an_entry_too_large_for_the_transport_is_refused_at_append ... ok
test consensus::log::tests_log::the_command_decoder_refuses_trailing_bytes ... ok
test consensus::log::tests_log::the_entry_encoding_transport_will_reuse_round_trips ... ok
test consensus::log::tests_log::the_generation_rises_by_one_at_every_checkpoint_and_survives_a_restart ... ok
test consensus::log::tests_log::the_live_file_is_the_one_at_the_greater_generation ... ok
test consensus::log::tests_log::the_scan_refuses_a_frame_longer_than_the_maximum_before_allocating_for_it ... ok
test consensus::log::tests_log::truncating_a_conflicting_suffix_removes_it_durably ... ok
test consensus::log::tests_log::two_files_claiming_one_generation_are_refused ... ok
test consensus::log::tests_log::writes_that_were_never_synced_do_not_survive_a_crash ... ok
test consensus::membership::tests_membership::a_change_is_refused_unless_it_is_one_version_and_this_term ... ok
test consensus::membership::tests_membership::a_change_is_refused_until_the_configuration_in_force_is_durable_on_a_majority ... ok
test consensus::membership::tests_membership::a_change_may_not_leave_a_cluster_with_no_voters ... ok
test consensus::membership::tests_membership::a_change_moves_exactly_one_node ... ok
test consensus::membership::tests_membership::a_change_that_grows_the_voter_set_waits_for_a_majority_of_the_larger_set ... ok
test consensus::membership::tests_membership::a_configuration_report_may_move_down_after_a_truncation_and_a_repeat_is_idempotent ... ok
test consensus::membership::tests_membership::a_configuration_that_is_damage_latches_this_node_out_of_office ... ok
test consensus::log::tests_log::the_log_opens_on_real_files_and_recovers_from_them ... ok
test consensus::membership::tests_membership::a_configuration_with_no_recorded_provenance_refuses_rather_than_permits ... ok
test consensus::membership::tests_membership::a_demoted_node_can_never_campaign_again ... ok
test consensus::membership::tests_membership::a_departed_members_acknowledgement_is_dropped_when_the_change_that_dropped_it_is_installed ... ok
test consensus::membership::tests_membership::a_leader_may_not_demote_itself ... ok
test consensus::membership::tests_membership::a_learners_acknowledgement_is_not_counted_toward_a_majority ... ok
test consensus::membership::tests_membership::a_learner_is_promoted_only_once_it_holds_the_leaders_committed_round ... ok
test consensus::membership::tests_membership::a_membership_change_is_refused_until_this_leader_has_committed_an_entry_of_its_own_term ... ok
test consensus::membership::tests_membership::a_node_being_added_joins_as_a_learner_and_never_straight_as_a_voter ... ok
test consensus::membership::tests_membership::a_peers_acknowledgement_never_moves_backwards_and_a_peer_cannot_state_this_nodes ... ok
test branch::reaper::tests::table_catalog::reaping_n_branches_costs_no_catalog_descent_per_branch ... ok
test consensus::membership::tests_membership::a_promotion_is_refused_for_a_node_with_no_replication_progress_at_all ... ok
test consensus::membership::tests_membership::a_removed_node_that_keeps_running_cannot_disrupt_the_cluster ... ok
test consensus::membership::tests_membership::a_voter_is_demoted_before_it_can_be_removed ... ok
test consensus::membership::tests_membership::an_acknowledgement_of_another_terms_configuration_of_the_same_version_does_not_count ... ok
test consensus::membership::tests_membership::installing_a_configuration_clears_behind_and_leaves_unjoined_alone ... ok
test consensus::membership::tests_membership::no_term_elects_two_leaders_while_the_configuration_is_changing_underneath ... ok
test consensus::membership::tests_membership::only_a_leader_may_begin_a_membership_change ... ok
test consensus::membership::tests_membership::the_configuration_a_node_counts_against_is_the_newest_in_its_log ... ok
test branch::reaper::tests::log_catalog::a_thousand_branches_forked_and_abandoned_concurrently_stay_consistent ... ok
test consensus::membership::tests_membership::three_grows_to_five_one_node_at_a_time_and_each_change_waits_for_the_last ... ok
test consensus::node::tests_node::a_missing_hard_state_record_is_a_fresh_node_not_an_error ... ok
test consensus::node::tests_node::a_corrupt_hard_state_record_is_refused_rather_than_guessed ... ok
test consensus::replicate::tests_replicate::a_conflicting_suffix_is_refused_with_a_hint_at_the_first_round_of_the_conflicting_term_run ... ok
test consensus::replicate::tests_replicate::a_divergence_deeper_than_one_batch_converges_without_a_livelock ... ok
test consensus::replicate::tests_replicate::a_duplicate_append_changes_nothing_and_does_not_truncate ... ok
test consensus::node::tests_node::a_proposal_to_a_follower_is_refused_rather_than_dropped ... ok
test consensus::replicate::tests_replicate::a_follower_acknowledges_on_persistence_and_never_on_receipt ... ok
test consensus::replicate::tests_replicate::a_follower_clamps_the_leaders_commit_to_the_rounds_it_actually_holds ... ok
test consensus::replicate::tests_replicate::a_follower_does_not_commit_a_suffix_this_leader_never_sent ... ok
test consensus::replicate::tests_replicate::a_follower_refuses_to_truncate_a_committed_round ... ok
test consensus::replicate::tests_replicate::a_follower_that_refused_an_append_does_not_acknowledge_it_afterwards ... ok
test consensus::node::tests_node::a_truncated_hard_state_record_is_refused ... ok
test consensus::replicate::tests_replicate::a_follower_truncates_its_conflicting_suffix_and_the_leader_recovers_in_one_extra_message ... ok
test consensus::replicate::tests_replicate::a_gap_is_refused_with_a_hint_at_the_followers_own_tail ... ok
test consensus::replicate::tests_replicate::a_heartbeat_that_carries_nothing_is_answered_immediately ... ok
test consensus::node::tests_node::a_restarted_node_gets_its_round_log_back ... ok
test consensus::replicate::tests_replicate::a_leader_counts_its_own_replica_only_once_it_is_durable ... ok
test consensus::replicate::tests_replicate::a_leader_does_not_commit_an_inherited_round_by_counting_replicas ... ok
test consensus::replicate::tests_replicate::a_leader_does_not_count_itself_twice_when_counting_a_quorum ... ok
test consensus::node::tests_node::a_tick_is_delivered_on_the_clock_and_missed_ticks_are_caught_up ... ok
test consensus::replicate::tests_replicate::a_leader_ignores_an_acknowledgement_of_a_round_it_does_not_hold ... ok
test consensus::replicate::tests_replicate::a_learner_is_replicated_to_but_never_counted_toward_a_quorum ... ok
test consensus::node::tests_node::apply_hands_every_committed_round_to_the_applier_in_order_and_never_skips ... ok
test consensus::replicate::tests_replicate::a_malformed_entry_list_is_refused_rather_than_aborting_the_process ... ok
test consensus::node::tests_node::persist_makes_the_entries_durable_before_it_reports_them ... ok
test consensus::replicate::tests_replicate::a_new_leader_appends_a_term_establishing_noop_of_its_own_term ... ok
test consensus::replicate::tests_replicate::a_membership_entry_in_the_log_tells_this_node_its_configuration_is_stale ... ok
test consensus::replicate::tests_replicate::a_peer_whose_next_is_below_the_snapshot_floor_is_marked_for_a_snapshot_not_sent_entries ... ok
test consensus::replicate::tests_replicate::a_persisted_from_before_a_truncation_does_not_make_the_replacement_durable ... ok
test consensus::replicate::tests_replicate::a_prev_round_below_the_snapshot_floor_moves_the_leader_forward_not_backwards ... ok
test consensus::replicate::tests_replicate::a_proposal_on_a_follower_is_refused_and_names_the_leader_it_knows ... ok
test consensus::replicate::tests_replicate::a_proposal_on_a_leader_becomes_a_round_of_its_own_term_and_reaches_every_peer ... ok
test consensus::replicate::tests_replicate::a_real_digest_is_never_the_value_reserved_for_no_claim ... ok
test consensus::replicate::tests_replicate::a_refusal_carries_no_claim_about_the_followers_log ... ok
test consensus::replicate::tests_replicate::a_removed_peers_acknowledgement_is_not_counted ... ok
test consensus::replicate::tests_replicate::a_replayed_refusal_does_not_demand_a_snapshot_from_a_healthy_peer ... ok
test consensus::replicate::tests_replicate::a_stale_append_does_not_move_the_commit_watermark_backwards ... ok
test branch::reaper::tests::table_catalog::abandoned_branches_are_reaped_with_no_client_cooperation_and_pages_return_to_baseline ... ok
test consensus::replicate::tests_replicate::a_steady_heartbeat_does_not_announce_a_role_change_on_every_beat ... ok
test consensus::replicate::tests_replicate::a_success_answer_never_pulls_next_backwards ... ok
test consensus::replicate::tests_replicate::a_truncation_retracts_the_durability_it_was_about ... ok
test consensus::node::tests_node::a_restarted_node_remembers_its_term_and_its_vote ... ok
test consensus::replicate::tests_replicate::a_variable_length_piece_is_length_prefixed_so_two_framings_cannot_agree ... ok
test consensus::replicate::tests_replicate::adopting_a_new_leader_retracts_everything_established_with_the_last_one ... ok
test consensus::node::tests_node::a_spool_short_of_what_was_digested_is_refused_rather_than_installed ... ok
test consensus::replicate::tests_replicate::an_acknowledgement_claims_durability_and_not_log_length ... ok
test consensus::replicate::tests_replicate::an_acknowledgement_claims_only_the_prefix_the_append_established ... ok
test consensus::replicate::tests_replicate::an_acknowledgement_never_goes_backwards ... ok
test consensus::replicate::tests_replicate::an_append_of_the_current_term_makes_a_candidate_follow_its_leader ... ok
test consensus::replicate::tests_replicate::an_inherited_round_commits_as_a_side_effect_of_a_round_of_the_leaders_own_term ... ok
test consensus::replicate::tests_replicate::an_install_snapshot_is_answered_rather_than_dropped_or_fatal ... ok
test consensus::replicate::tests_replicate::clearing_the_progress_map_destroys_this_nodes_log_and_says_so - should panic ... ok
test consensus::replicate::tests_replicate::initialising_leader_progress_preserves_the_log_and_the_divergence_latches ... ok
test consensus::replicate::tests_replicate::moving_last_round_outside_the_append_path_is_refused_loudly - should panic ... ok
test consensus::replicate::tests_replicate::quorum_is_counted_over_matched_and_never_over_next ... ok
test consensus::replicate::tests_replicate::one_append_carries_a_bounded_number_of_entries ... ok
test consensus::replicate::tests_replicate::the_commit_term_check_reads_the_round_being_committed_not_the_log_tail ... ok
test consensus::replicate::tests_replicate::the_digest_is_chained_so_a_change_at_an_early_round_moves_every_later_one ... ok
test consensus::replicate::tests_replicate::the_divergence_detector_fires_on_a_flipped_byte_in_a_followers_redo_stream ... ok
test consensus::replicate::tests_replicate::the_entry_digest_separates_a_command_from_the_round_and_term_that_carry_it ... ok
test consensus::replicate::tests_replicate::the_divergence_detector_stays_quiet_on_a_healthy_cluster ... ok
test consensus::replicate::tests_replicate::the_hash_matches_the_published_fnv1a_64_vectors ... ok
test consensus::replicate::tests_replicate::the_reserved_no_claim_value_is_never_produced_by_a_real_digest ... ok
test consensus::replicate::tests_replicate::the_uncommitted_inherited_round_is_still_overwritable_which_is_why_it_must_not_commit ... ok
test consensus::replicate::tests_replicate::work_is_applied_only_through_the_round_that_is_both_committed_and_durable_here ... ok
test consensus::replicate::tests_replicate::unjoined_clears_on_an_observable_watermark_and_never_on_a_timer ... ok
test consensus::node::tests_node::a_spool_that_kept_up_installs_rather_than_being_refused ... ok
test consensus::signing::tests_signing::a_frame_signed_with_another_key_is_refused ... ok
test consensus::signing::tests_signing::a_connection_that_sends_one_unverifiable_frame_is_closed_rather_than_left_open ... ok
test consensus::node::tests_node::the_hard_state_record_round_trips_through_a_file ... ok
test consensus::signing::tests_signing::a_directory_named_where_a_key_was_expected_is_refused ... ok
test consensus::signing::tests_signing::a_frame_too_short_to_hold_a_tag_is_refused_rather_than_indexed_into ... ok
test consensus::signing::tests_signing::a_fifo_named_as_a_key_is_refused_rather_than_hanging_the_node ... ok
test consensus::signing::tests_signing::a_key_longer_than_the_block_is_replaced_by_its_own_digest ... ok
test consensus::signing::tests_signing::a_directory_component_symlink_cannot_redirect_the_key ... ok
test consensus::signing::tests_signing::a_key_in_a_group_or_world_writable_directory_is_refused_unless_it_is_sticky ... ok
test consensus::signing::tests_signing::a_key_file_readable_by_group_or_other_is_refused ... ok
test consensus::signing::tests_signing::a_key_whose_directory_is_gone_is_refused ... ok
test consensus::signing::tests_signing::a_missing_key_file_is_refused_rather_than_leaving_the_node_unsigned ... ok
test consensus::signing::tests_signing::a_signed_frame_round_trips_and_carries_exactly_one_tag_of_overhead ... ok
test consensus::signing::tests_signing::a_peer_that_does_not_sign_is_refused_by_a_node_that_does ... ok
test consensus::signing::tests_signing::a_tag_is_domain_separated_from_a_bare_hmac_over_the_same_bytes ... ok
test consensus::signing::tests_signing::a_symlink_cycle_is_refused_by_the_shape_check_before_the_walk_begins ... ok
test consensus::signing::tests_signing::a_key_file_under_thirty_two_bytes_is_refused ... ok
test consensus::signing::tests_signing::constant_time_eq_answers_correctly_at_every_difference_position ... ok
test consensus::signing::tests_signing::accepting_the_unverifiable_does_not_weaken_the_platform_that_can_verify ... ok
test consensus::signing::tests_signing::constant_time_eq_refuses_different_lengths ... ok
test consensus::signing::tests_signing::a_symlinked_directory_component_is_judged_by_what_it_points_at ... ok
test consensus::signing::tests_signing::decode_verified_authenticates_before_it_parses ... ok
test consensus::signing::tests_signing::a_relative_link_target_resolves_against_the_links_own_directory ... ok
test consensus::signing::tests_signing::a_symlink_whose_own_directory_is_open_is_also_refused ... ok
test consensus::signing::tests_signing::a_key_file_of_zeros_is_refused_because_that_is_what_a_failed_generator_leaves ... ok
test consensus::signing::tests_signing::hashing_the_pieces_is_hashing_their_join ... ok
test consensus::signing::tests_signing::every_byte_of_the_message_is_inside_the_mac ... ok
test consensus::signing::tests_signing::hmac_sha256_agrees_with_rfc_4231 ... ok
test consensus::signing::tests_signing::key_tag_agrees_with_an_independent_hmac_over_the_same_bytes ... ok
test consensus::signing::tests_signing::flipping_one_bit_of_the_key_changes_the_tag ... ok
test consensus::signing::tests_signing::flipping_one_bit_of_the_message_changes_the_tag ... ok
test consensus::signing::tests_signing::a_symlink_cannot_launder_a_key_out_of_a_world_writable_directory ... ok
test consensus::signing::tests_signing::protection_is_checkable_exactly_where_std_exposes_the_mode_bits ... ok
test consensus::signing::tests_signing::an_ancestor_refusal_does_not_tell_the_operator_to_chmod_somebody_elses_directory ... ok
test consensus::signing::tests_signing::replay_of_a_valid_frame_is_accepted_because_there_is_no_freshness_check ... ok
test consensus::signing::tests_signing::signs_its_traffic_reports_the_configuration ... ok
test consensus::signing::tests_signing::the_domain_names_this_protocol_its_frame_tag_and_its_wire_version ... ok
test consensus::signing::tests_signing::every_directory_above_the_key_is_inspected_not_only_its_parent ... ok
test consensus::signing::tests_signing::the_key_never_appears_in_a_debug_rendering ... ok
test consensus::signing::tests_signing::the_platform_that_cannot_read_its_own_file_protection_refuses_rather_than_allowing ... ok
test consensus::signing::tests_signing::the_tag_is_not_sha256_of_the_key_followed_by_the_message ... ok
test consensus::signing::tests_signing::the_term_is_inside_the_mac ... ok
test consensus::signing::tests_signing::truncating_or_extending_a_signed_frame_is_refused ... ok
test consensus::signing::tests_signing::a_node_holding_a_different_key_is_refused_and_counted ... ok
test consensus::signing::tests_signing::two_nodes_holding_the_same_key_exchange_messages ... ok
test consensus::signing::tests_signing::verify_is_the_constant_time_comparison_and_not_a_slice_equality ... ok
test consensus::signing::tests_signing::no_hop_of_the_symlink_chain_escapes_the_directory_rule ... ok
test consensus::sim::tests_sim::a_cluster_cut_into_two_minorities_elects_nobody ... ok
test consensus::signing::tests_signing::the_spelling_of_the_path_does_not_decide_whether_the_directory_is_checked ... ok
test consensus::signing::tests_signing::constant_time_eq_does_not_short_circuit ... ok
test consensus::signing::tests_signing::a_message_that_fits_unsigned_is_refused_signed_rather_than_framed_over_the_limit ... ok
test consensus::sim::tests_sim::a_failing_seed_replays_to_the_same_failure_with_a_trace ... ok
test consensus::sim::tests_sim::a_partitioned_leader_demotes_itself_before_anybody_tells_it ... ok
test consensus::sim::tests_sim::a_leader_whose_acknowledgements_are_cut_off_one_way_still_gives_up_the_office ... ok
test consensus::sim::tests_sim::a_leader_that_never_gives_up_its_lease_is_caught_and_the_seed_is_named ... ok
test consensus::sim::tests_sim::a_healthy_five_node_cluster_elects_one_leader_and_commits_what_clients_propose ... ok
test consensus::sim::tests_sim::a_cold_cluster_elects_exactly_one_leader_within_an_election_window ... ok
test consensus::sim::tests_sim::a_pre_vote_must_not_raise_anybodys_term ... ok
test consensus::sim::tests_sim::committing_an_inherited_round_by_counting_replicas_loses_it_in_the_figure_8_scenario ... ok
test consensus::sim::tests_sim::the_real_consensus_state_machine_runs_under_this_simulator_the_moment_f1_and_f2_land ... ok
test consensus::sim::tests_sim::acknowledging_an_append_before_the_fsync_is_caught_and_the_seed_is_named ... ok
test consensus::sim::tests_sim::sending_a_vote_before_its_hard_state_is_durable_is_caught_and_the_seed_is_named ... ok
test consensus::sim::tests_sim::the_same_seed_replays_the_same_run ... ok
test consensus::sim::tests_sim::killing_the_leader_under_load_costs_no_committed_round ... ok
test consensus::snapshot::tests_snapshot::a_checkpoint_above_what_the_engine_has_applied_is_refused ... ok
test consensus::snapshot::tests_snapshot::a_checkpoint_at_or_below_the_floor_is_a_no_op ... ok
test consensus::snapshot::tests_snapshot::a_checkpoint_keeps_the_digests_of_the_rounds_it_keeps ... ok
test consensus::snapshot::tests_snapshot::a_chunk_at_the_wrong_offset_is_answered_with_the_resume_point_and_never_buffered ... ok
test consensus::sim::tests_sim::two_different_seeds_do_not_produce_the_same_run ... ok
test consensus::snapshot::tests_snapshot::a_chunk_fits_a_frame_and_the_first_one_carries_the_whole_header ... ok
test consensus::snapshot::tests_snapshot::a_chunk_that_would_run_past_the_declared_length_is_refused ... ok
test consensus::sim::tests_sim::the_fault_model_injects_every_fault_it_claims_to ... ok
test consensus::snapshot::tests_snapshot::a_completed_transfer_is_judged_on_its_length_and_then_on_its_bytes ... ok
test consensus::snapshot::tests_snapshot::a_header_claiming_an_unbounded_sidecar_section_is_refused ... ok
test consensus::snapshot::tests_snapshot::a_completed_transfer_moves_next_and_never_matched ... ok
test consensus::snapshot::tests_snapshot::a_header_whose_page_count_contradicts_its_image_length_is_refused ... ok
test consensus::snapshot::tests_snapshot::a_leader_refuses_a_snapshot_whose_base_digest_is_not_its_own ... ok
test consensus::sim::tests_sim::a_restarted_node_comes_back_with_only_what_it_had_fsynced ... ok
test consensus::snapshot::tests_snapshot::a_leader_refuses_a_snapshot_whose_term_disagrees_with_its_own_log ... ok
test consensus::snapshot::tests_snapshot::a_leader_refuses_to_serve_a_snapshot_above_what_its_engine_has_applied ... ok
test consensus::snapshot::tests_snapshot::a_payload_header_that_is_not_one_is_refused_rather_than_guessed_at ... ok
test consensus::snapshot::tests_snapshot::a_payload_round_trips_and_its_header_describes_its_own_body ... ok
test consensus::signing::tests_signing::an_attacker_raising_the_term_on_the_wire_never_reaches_the_state_machine ... ok
test consensus::snapshot::tests_snapshot::a_payload_whose_body_digest_does_not_match_is_refused_before_the_driver_is_told ... ok
test consensus::snapshot::tests_snapshot::a_peer_below_the_floor_is_sent_state_and_never_entries ... ok
test consensus::snapshot::tests_snapshot::a_receiver_that_lost_a_transfer_rewinds_it_rather_than_deadlocking_it ... ok
test consensus::snapshot::tests_snapshot::a_refused_snapshot_does_not_change_this_nodes_office ... ok
test consensus::snapshot::tests_snapshot::a_restart_above_a_snapshot_floor_comes_back_at_the_floor_and_not_at_zero ... ok
test consensus::snapshot::tests_snapshot::a_snapshot_at_round_zero_is_refused ... ok
test consensus::snapshot::tests_snapshot::a_snapshot_claiming_an_implausible_size_is_refused_before_anything_is_allocated_for_it ... ok
test consensus::snapshot::tests_snapshot::a_snapshot_of_a_round_this_node_already_holds_is_not_installed ... ok
test consensus::snapshot::tests_snapshot::a_snapshot_older_than_this_nodes_floor_is_acknowledged_whole_and_not_installed ... ok
test consensus::snapshot::tests_snapshot::a_snapshot_whose_configuration_is_damage_is_refused_before_anything_is_spent ... ok
test consensus::snapshot::tests_snapshot::a_snapshot_with_no_configuration_is_refused_because_its_receiver_could_not_count_a_majority ... ok
test consensus::snapshot::tests_snapshot::a_zero_page_image_is_refused_because_installing_it_would_look_like_success ... ok
test consensus::snapshot::tests_snapshot::a_transfer_ack_resets_the_peers_silence_so_a_slow_install_does_not_cost_the_leader_its_lease ... ok
test consensus::snapshot::tests_snapshot::a_transfer_that_claims_to_be_done_at_the_wrong_length_is_refused ... ok
test consensus::snapshot::tests_snapshot::an_answer_from_a_removed_node_does_not_resurrect_its_progress ... ok
test consensus::snapshot::tests_snapshot::an_envelope_and_a_payload_that_disagree_are_refused ... ok
test consensus::snapshot::tests_snapshot::an_install_discards_the_whole_log_and_the_floor_moves_with_it ... ok
test consensus::snapshot::tests_snapshot::an_installed_snapshot_anchors_the_digest_chain_where_the_leader_is ... ok
test consensus::snapshot::tests_snapshot::a_short_done_keeps_the_bytes_already_accepted_and_a_bad_digest_does_not ... ok
test consensus::snapshot::tests_snapshot::completing_an_install_sets_the_watermark_and_leaves_unjoined_to_the_next_append ... ok
test consensus::snapshot::tests_snapshot::a_second_snapshot_supersedes_the_one_in_flight ... ok
test consensus::snapshot::tests_snapshot::nothing_moves_until_the_install_is_reported_durable ... ok
test consensus::snapshot::tests_snapshot::receiving_state_adopts_the_sender_as_leader_so_a_long_transfer_is_not_an_election ... ok
test consensus::tests_contract::a_joining_node_may_not_campaign_and_each_flag_is_cleared_by_its_own_evidence ... ok
test consensus::tests_contract::a_leaders_lease_expires_strictly_before_any_peer_can_win ... ok
test consensus::tests_contract::a_learner_is_sent_to_but_never_counted ... ok
test consensus::tests_contract::a_node_outside_its_own_configuration_may_not_campaign ... ok
test consensus::tests_contract::a_repeated_member_cannot_inflate_the_quorum ... ok
test consensus::tests_contract::a_voter_cannot_be_demoted_to_learner_by_a_careless_builder ... ok
test consensus::tests_contract::an_empty_configuration_never_has_a_quorum ... ok
test consensus::tests_contract::quorum_is_a_strict_majority_at_every_size ... ok
test consensus::tests_contract::the_rng_is_reproducible_from_a_seed_and_a_zero_seed_is_not_a_fixed_point ... ok
test consensus::tests_contract::timeouts_are_drawn_inside_the_documented_window ... ok
test consensus::transport::tests::a_catalog_command_carrying_a_non_ddl_record_is_refused_before_it_can_panic ... ok
test consensus::transport::tests::a_catalog_command_carrying_a_page_id_is_refused ... ok
test consensus::transport::tests::a_catalog_command_with_bytes_after_its_ddl_record_is_refused ... ok
test consensus::transport::tests::a_catalog_name_too_long_for_the_wire_is_refused_by_the_sender ... ok
test consensus::transport::tests::a_broken_connection_is_reconnected_and_the_frame_lost_to_it_is_counted ... ok
test consensus::transport::tests::a_configuration_naming_more_nodes_than_the_wire_allows_is_refused_before_any_id_is_read ... ok
test consensus::transport::tests::a_configuration_that_repeats_a_member_is_refused_and_cannot_inflate_the_quorum ... ok
test consensus::transport::tests::a_flag_byte_that_is_not_zero_or_one_is_refused ... ok
test consensus::transport::tests::a_frame_claiming_four_billion_entries_is_refused_rather_than_reserved_for ... ok
test consensus::transport::tests::a_frame_split_across_read_timeouts_is_reassembled_and_not_desynchronised ... ok
test consensus::transport::tests::a_maximal_frame_round_trips_and_one_byte_more_is_refused_at_the_encoder ... ok
test consensus::transport::tests::a_node_listed_as_both_voter_and_learner_is_refused ... ok
test consensus::signing::tests_signing::a_signed_peer_is_refused_by_a_node_with_no_key ... ok
test consensus::transport::tests::a_peer_map_naming_this_node_is_refused_at_bind ... ok
test consensus::transport::tests::a_message_addressed_to_another_node_is_refused_rather_than_delivered ... ok
test consensus::transport::tests::a_peer_that_cannot_be_reached_drops_the_oldest_and_counts_every_drop ... ok
test consensus::transport::tests::a_peer_that_closes_inside_a_frame_is_refused_rather_than_completed ... ok
test consensus::transport::tests::a_queue_depth_of_zero_is_refused_rather_than_silently_partitioning_the_node ... ok
test consensus::transport::tests::a_send_after_shutdown_is_refused_rather_than_silently_discarded ... ok
test consensus::transport::tests::a_huge_entry_list_is_refused_before_it_is_built_and_not_after ... ok
test consensus::transport::tests::a_stopped_transport_is_distinguishable_from_a_quiet_one ... ok
test consensus::transport::tests::a_truncated_frame_is_refused_rather_than_misread ... ok
test consensus::sim::tests_sim::removing_the_election_restriction_is_caught_and_the_seed_is_named ... ok
test consensus::sim::tests_sim::counting_quorum_over_next_instead_of_matched_is_caught_and_the_seed_is_named ... ok
test consensus::transport::tests::a_v1_peer_is_refused_at_the_handshake_rather_than_misparsed_later ... ok
test consensus::transport::tests::an_oversized_length_is_refused_before_a_single_body_byte_is_read ... ok
test consensus::transport::tests::a_zero_timeout_is_refused_at_bind_rather_than_failing_every_socket_call ... ok
test consensus::transport::tests::an_unknown_kind_command_or_branch_tag_is_refused_by_name ... ok
test consensus::transport::tests::an_unsorted_member_list_is_refused ... ok
test consensus::transport::tests::every_body_variant_round_trips_including_an_empty_entry_list ... ok
test consensus::transport::tests::a_v1_peer_is_told_which_version_this_node_speaks ... ok
test consensus::transport::tests::every_command_variant_round_trips_inside_an_entry ... ok
test consensus::transport::tests::read_exact_loses_what_it_consumed_which_is_why_the_frame_reader_is_resumable ... ok
test consensus::transport::tests::sending_to_an_unconfigured_peer_or_to_self_is_refused_rather_than_dropped ... ok
test consensus::transport::tests::concurrent_inbound_connections_are_capped_and_the_refusals_are_counted ... ok
test consensus::transport::tests::every_body_variant_survives_a_real_socket_in_both_directions ... ok
test consensus::transport::tests::the_consensus_tag_is_disjoint_from_every_replication_tag ... ok
test consensus::transport::tests::the_encoding_is_canonical_so_a_signature_over_a_re_encoding_still_matches ... ok
test consensus::transport::tests::the_length_covers_the_body_only_and_nothing_else ... ok
test consensus::transport::tests::the_oldest_queued_frame_is_the_one_dropped_and_the_newest_always_survives ... ok
test consensus::sim::tests_sim::voting_twice_in_one_term_is_caught_and_the_seed_is_named ... ok
test consensus::transport::tests::trailing_bytes_after_the_last_field_are_refused ... ok
test consensus::transport::tests::the_spawn_failure_teardown_actually_stops_the_threads_it_is_given ... ok
test consensus::transport::tests::a_frame_with_an_unknown_tag_closes_the_connection_rather_than_being_skipped ... ok
test consensus::transport::tests::a_silent_peer_is_closed_on_the_idle_deadline_rather_than_pinning_a_thread_for_ever ... ok
test branch::arena::tests::the_tail_is_compacted_before_it_outgrows_its_share_of_the_image ... ok
test consensus::transport::tests::a_peer_that_connects_and_says_nothing_is_closed_on_the_handshake_deadline ... ok
test consensus::transport::tests::an_inbound_connection_frees_its_descriptor_when_it_closes ... ok
test consensus::sim::tests_sim::a_send_still_waiting_on_its_fsync_does_not_survive_the_crash ... ok
test cow::btree::delete_unlink_tests::deleting_an_absent_key_changes_nothing ... ok
test consensus::transport::tests::an_undrained_inbox_is_bounded_in_bytes_and_every_refusal_is_counted ... ok
test consensus::transport::tests::shutdown_joins_every_thread_and_closes_the_listener ... ok
test cow::btree::delete_unlink_tests::an_emptied_leaf_is_unlinked_rather_than_left_in_the_tree ... ok
test cow::btree::delete_unlink_tests::deleting_every_key_leaves_a_usable_empty_tree ... ok
test cow::btree::diff_tests::an_insert_an_update_and_a_delete_each_report_both_sides ... ok
test cow::btree::delete_unlink_tests::deleting_on_a_fork_leaves_the_parents_tree_intact ... ok
test cow::btree::delete_unlink_tests::emptying_the_leftmost_leaf_promotes_its_successor ... ok
test cow::btree::diff_tests::identical_roots_diff_to_nothing_without_reading_a_page ... ok
test cow::btree::delete_unlink_tests::every_surviving_key_is_still_readable_after_scattered_deletion ... ok
test cow::btree::diff_tests::reversing_the_roots_reverses_each_delta ... ok
test cow::btree::diff_tests::many_scattered_edits_are_all_reported_exactly_once ... ok
test cow::chunker::tests::a_sequence_that_fits_is_never_cut_without_a_boundary ... ok
test cow::btree::delete_unlink_tests::unlinked_pages_are_freed_rather_than_leaked ... ok
test cow::chunker::tests::balanced_cuts_fit_every_piece_and_reduce_to_split_point_for_one_cut ... ok
test cow::chunker::tests::cuts_depend_only_on_the_sorted_sequence ... ok
test cow::chunker::tests::cuts_never_leave_a_side_empty ... ok
test cow::chunker::tests::no_piece_ever_exceeds_the_page ... ok
test cow::chunker::tests::refining_an_over_long_run_keeps_every_cut_it_already_made ... ok
test cow::chunker::tests::rewriting_a_value_does_not_move_a_boundary ... ok
test cow::chunker::tests::rolling_window_matches_a_fresh_hash ... ok
test cow::btree::diff_tests::unchanged_neighbours_of_an_edited_row_are_not_reported ... ok
test cow::chunker::tests::the_boundary_decision_ignores_everything_but_the_entry ... ok
test cow::chunker::tests::degenerate_key_shapes_do_not_produce_massive_chunks ... ok
test cow::chunker::tests::the_hash_is_order_sensitive ... ok
test cow::chunker::tests::the_chunk_size_tracks_bytes_not_row_count ... ok
test cow::chunker::tests::the_mean_chunk_lands_near_the_target ... ok
test cow::cid::tests::a_one_bit_input_change_avalanches_across_the_output ... ok
test cow::cid::tests::a_prefix_does_not_hash_like_its_extension ... ok
test cow::cid::tests::a_non_btree_page_is_refused_rather_than_hashed ... ok
test cow::cid::tests::a_subtree_untouched_by_an_edit_keeps_its_cid ... ok
test cow::cid::tests::domain_tags_separate_otherwise_identical_inputs ... ok
test consensus::signing::tests_signing::a_keyless_peer_cannot_raise_the_term_of_a_node_built_through_the_driver ... ok
test cow::cid::tests::length_prefixing_prevents_field_boundary_collisions ... ok
test cow::cid::tests::a_suffix_delete_leaves_the_partition_of_the_surviving_rows_alone ... ok
test cow::btree::delete_unlink_tests::deleting_a_terminating_boundary_key_rejoins_the_leaf_with_its_neighbour ... ok
test cow::dedup::tests::a_content_id_collision_does_not_share_pages ... ok
test cow::dedup::tests::a_crash_between_the_increment_and_the_record_leaks_nothing ... ok
test cow::dedup::tests::a_racing_publisher_makes_the_loser_hand_its_page_back ... ok
test cow::dedup::tests::an_over_release_is_refused_and_changes_nothing ... ok
test cow::cid::tests::a_delete_of_an_interior_boundary_key_must_not_change_the_partition ... ok
test cow::dedup::tests::an_uncommitted_ticket_on_a_fresh_page_hands_the_page_back ... ok
test cow::dedup::tests::an_uncommitted_ticket_rolls_its_increment_back_on_drop ... ok
test cow::dedup::tests::concurrent_release_frees_the_page_exactly_once ... ok
test cow::dedup::tests::concurrent_interning_of_one_payload_counts_every_reference_once ... ok
test cow::dedup::tests::different_payloads_never_share ... ok
test cow::dedup::tests::identical_payloads_share_one_page_and_allocate_once ... ok
test cow::dedup::tests::recovery_frees_a_page_whose_only_reference_was_lost_to_the_crash ... ok
test cow::dedup::tests::recovery_leaves_committed_references_alone ... ok
test cow::dedup::tests::releasing_the_last_reference_frees_the_page ... ok
test cow::dedup::tests::the_audit_detects_an_inconsistency_it_is_supposed_to_catch ... ok
test cow::diff::tests::a_cyclic_page_graph_fails_instead_of_looping ... ok
test cow::btree::delete_unlink_tests::deleting_every_boundary_drives_chunks_over_a_page ... ok
test cow::diff::tests::a_content_hash_skips_a_rewritten_but_unchanged_leaf_where_page_identity_cannot ... ok
test cow::diff::tests::a_growing_insert_run_that_splits_nodes_still_diffs_correctly ... ok
test cow::diff::tests::a_page_crafted_onto_a_colliding_checksum_is_still_a_different_version ... ok
test cow::cid::tests::one_changed_value_changes_the_root_cid ... ok
test cow::diff::tests::a_memo_is_bound_to_one_tree_so_its_digest_and_its_version_share_a_file ... ok
test cow::diff::tests::a_recycled_page_id_misses_the_memo_instead_of_answering_for_its_previous_life ... ok
test cow::diff::tests::a_stale_row_costs_a_skip_and_never_the_change ... ok
test cow::diff::tests::a_memo_over_a_genuinely_memoless_digest_skips_and_never_falls_back ... ok
test cow::diff::tests::an_in_place_rewrite_invalidates_the_row_although_the_birth_epoch_is_unchanged ... ok
test cow::diff::tests::an_ancestors_warmed_row_survives_a_descendant_rewrite_and_goes_on_answering ... ok
test cow::diff::tests::an_empty_tree_against_a_populated_one_reports_every_row ... ok
test cow::diff::tests::an_unstamped_page_falls_back_to_page_identity_and_cannot_collide_with_a_content_id ... ok
test cow::btree::delete_unlink_tests::no_row_is_lost_or_reordered_by_a_boundary_repair ... ok
test cow::btree::diff_tests::one_edit_in_a_large_tree_decodes_only_a_fraction_of_it ... ok
test cow::diff::tests::a_warmed_memo_identity_skips_and_never_falls_back ... ok
test cow::diff::tests::comparing_a_page_with_itself_never_consults_the_identity_provider ... ok
test cow::diff::tests::an_unwarmed_memo_identity_still_answers_correctly_and_says_so ... ok
test cow::cid::tests::identical_trees_built_independently_have_equal_subtree_cids ... ok
test cow::diff::tests::re_warming_a_recycled_page_replaces_its_row_rather_than_stepping_over_it ... ok
test consensus::sim::tests_sim::the_safety_properties_hold_under_partitions_alone ... ok
test cow::btree::delete_unlink_tests::an_overwrite_that_erases_a_terminator_also_rejoins ... ok
test cow::diff::tests::the_hash_folds_length_prefixed_so_a_reframing_cannot_agree ... ok
test cow::diff::tests::cross_lineage_is_the_digests_own_case_and_it_still_has_to_pay_for_the_stamp ... ok
test cow::diff::tests::the_version_key_consults_the_birth_epoch_and_not_only_the_checksum ... ok
test cow::diff::tests::inserts_and_deletes_are_classified_and_the_answer_matches_a_full_scan ... ok
test cow::diff::tests::the_second_store_recycles_page_ids_too_and_a_stale_row_misses_there_as_well ... ok
test cow::cid::tests::same_data_in_two_orders_converges_to_one_partition_cid ... ok
test cow::diff::tests::the_diff_is_antisymmetric ... ok
test cow::merge3::tests::a_non_btree_page_is_refused_rather_than_walked_as_an_internal_node ... ok
test cow::merge3::tests::a_subtree_hash_reused_across_an_in_place_write_refuses_its_stale_row ... ok
test cow::diff::tests::shared_stats_accumulate_across_diffs ... ok
test cow::merge3::tests::content_identity_skips_a_convergent_edit_that_page_identity_must_descend ... ok
test cow::merge3::tests::merging_the_other_direction_agrees_except_on_which_side_wins_a_conflict ... ok
test cow::merge3::tests::birth_epoch_discriminates_a_recycled_page_but_not_an_in_place_write ... ok
test cow::merge3::tests::every_untouched_key_survives_the_merge ... ok
test cow::merge3::tests::resolve_cell_covers_the_table_exhaustively ... ok
test cow::merge3::tests::ours_unchanged_takes_theirs_whole_without_reading_a_page ... ok
test cow::merge3::tests::row_02_ours_moved_theirs_did_not_takes_ours ... ok
test cow::diff::tests::four_changed_rows_are_found_exactly ... ok
test cow::merge3::tests::row_01_all_three_hold_x_keeps_x ... ok
test consensus::sim::tests_sim::a_committed_round_is_never_lost_across_a_chaos_sweep ... ok
test cow::diff::tests::rewriting_every_leaf_skips_nothing ... ok
test cow::merge3::tests::a_merge_that_splits_a_leaf_on_both_sides_still_merges ... ok
test cow::diff::tests::the_key_catches_the_recycle_and_the_in_place_write_and_provably_not_a_descendant ... ok
test cow::merge3::tests::row_04_convergent_edit_is_not_a_conflict ... ok
test consensus::sim::tests_sim::at_most_one_leader_per_term_across_a_chaos_sweep ... ok
test cow::merge3::tests::row_03_theirs_moved_ours_did_not_takes_theirs ... ok
test cow::merge3::tests::row_06_ours_deleted_theirs_unchanged_deletes ... ok
test cow::merge3::tests::row_07_theirs_deleted_ours_unchanged_deletes ... ok
test cow::merge3::tests::row_08_ours_deleted_theirs_modified_conflicts ... ok
test cow::merge3::tests::row_10_both_deleted_is_convergent_not_a_conflict ... ok
test cow::merge3::tests::row_09_ours_modified_theirs_deleted_conflicts ... ok
test cow::diff::tests::identical_trees_skip_everything_and_read_nothing ... ok
test cow::merge3::tests::row_05_both_moved_to_different_values_conflicts ... ok
test cow::node::tests::a_full_node_reports_full_instead_of_corrupting_itself ... ok
test cow::node::tests::all_children_refuses_a_cell_that_overruns_the_page ... ok
test cow::merge3::tests::row_11_ours_inserted_theirs_absent_takes_ours ... ok
test cow::node::tests::all_children_refuses_a_cell_whose_body_is_not_a_child_pointer ... ok
test cow::node::tests::internal_child_routing_uses_the_leftmost_slot_for_small_keys ... ok
test cow::node::tests::leaf_insert_search_and_remove ... ok
test cow::merge3::tests::row_14_add_add_with_different_values_conflicts ... ok
test cow::merge3::tests::sides_agree_takes_either_without_reading_a_page ... ok
test cow::merge3::tests::row_12_theirs_inserted_ours_absent_takes_theirs ... ok
test cow::merge3::tests::theirs_unchanged_takes_ours_whole_without_reading_a_page ... ok
test cow::node::tests::node_body_never_touches_the_page_header ... ok
test cow::merge3::tests::row_13_convergent_insert_is_not_a_conflict ... ok
test cow::node::tests::repeated_overwrite_is_reclaimed_by_compaction ... ok
test cow::node::tests::split_point_keeps_both_halves_non_empty ... ok
test cow::page_header::tests::checksum_catches_a_flipped_payload_byte ... ok
test cow::page_header::tests::header_roundtrips_and_leaves_payload_alone ... ok
test cow::page_header::tests::privacy_needs_both_own_arena_and_post_fork_birth ... ok
test cow::merge3::tests::the_same_workload_on_forks_skips_almost_everything ... ok
test cow::page_header::tests::unknown_page_type_is_rejected ... ok
test cow::tests::overwriting_a_key_does_not_double_count_bytes ... ok
test cow::tests::write_buffer_probe_distinguishes_delete_from_absent ... ok
test cow::merge3::tests::three_unrelated_trees_produce_zero_skips ... ok
test cow::store::tests_d128_queue_restore::a_failed_release_mid_drain_loses_no_pending_entry ... ok
test cow::store::tests_d128_queue_restore::the_next_drain_finishes_what_the_failed_one_left ... ok
test cow::tests_compact_refusal::a_partial_promotion_leaves_a_page_that_verifies ... ok
test cow::tests_compact_refusal::a_refused_insert_leaves_a_page_that_verifies ... ok
test cow::tests_compact_refusal::a_refused_replace_leaves_a_page_that_verifies ... ok
test cow::tests_chunking::the_key_limit_holds_on_both_sides_and_refuses_before_spending_a_page ... ok
test cow::tests_chunking::every_leaf_but_the_last_ends_on_a_content_boundary ... ok
test cow::tests_chunking::leaves_average_the_target_chunk_size_and_never_exceed_a_page ... ok
test cow::tests_chunking::rewriting_values_in_place_leaves_the_partition_alone ... ok
test cow::tests_compact_refusal::a_failed_write_on_shadowed_pages_frees_nothing_the_tree_still_points_at ... ok
test cow::tests_isolation::a_branch_can_never_mutate_another_branchs_page_in_place ... ok
test cow::tests_chunking::insertion_order_does_not_change_the_leaf_partition ... ok
test cow::merge3::tests::nodes_read_is_far_below_the_page_count ... ok
test cow::tests_chunking::wide_rows_chunk_by_content_and_still_fit_the_page ... ok
test cow::tests_isolation::a_branch_that_dies_before_flushing_allocates_zero_pages ... ok
test cow::tests_isolation::a_live_child_forces_the_parent_to_shadow_instead_of_mutating ... ok
test cow::tests_isolation::a_deleted_key_stays_visible_to_a_branch_that_forked_before_the_delete ... ok
test cow::tests_isolation::a_page_private_to_the_writer_is_mutated_in_place_not_reshadowed ... ok
test cow::tests_isolation::a_child_writing_never_frees_a_page_its_parent_still_points_at ... ok
test cow::tests_isolation::a_recycled_extent_never_hands_back_stale_page_contents ... ok
test cow::tests_isolation::a_torn_page_is_refused_rather_than_returned ... ok
test cow::tests_isolation::allocating_from_an_unknown_arena_is_an_error ... ok
test cow::tests_isolation::a_write_in_a_child_does_not_change_what_the_parent_reads ... ok
test cow::tests_isolation::an_oversized_entry_is_refused_rather_than_silently_truncated ... ok
test cow::tests_isolation::an_unregistered_branch_is_refused_rather_than_guessed_at ... ok
test cow::tests_isolation::a_cursor_that_failed_does_not_yield_again ... ok
test cow::tests_isolation::delete_removes_only_the_named_key_and_a_miss_shadows_nothing ... ok
test cow::tests_isolation::flushing_a_write_buffer_produces_the_same_tree_as_direct_inserts ... ok
test cow::tests_isolation::freeing_an_arena_is_one_operation_not_a_per_page_scan ... ok
test cow::tests_isolation::fork_copies_zero_data_pages ... ok
test cow::tests_isolation::registering_the_same_branch_twice_is_refused ... ok
test cow::tests_isolation::reaping_an_abandoned_branch_returns_the_page_count_to_baseline ... ok
test cow::tests_isolation::every_bound_yields_exactly_the_keys_a_reference_map_holds ... ok
test cow::tests_compact_refusal::a_starved_insert_loses_no_row_that_the_unstarved_control_keeps ... ok
test cow::tests_isolation::the_trunk_cannot_be_forgotten ... ok
test cow::tests_isolation::reading_the_first_row_of_a_scan_does_not_read_the_whole_tree ... ok
test cow::tests_isolation::two_siblings_writing_the_same_key_do_not_see_each_other ... ok
test cow::tests_chunking::the_tree_agrees_with_the_chunker_about_where_the_leaves_end ... ok
test cow::tests_isolation::splits_and_multi_level_growth_preserve_every_key ... ok
test execution::executor::tests::a_deleted_primary_key_can_be_inserted_again ... ok
test cow::tests_isolation::arenas_roll_over_when_an_extent_fills_and_stay_owned_by_one_branch ... ok
test execution::executor::tests::a_live_primary_key_is_still_refused ... ok
test execution::executor::tests::an_uncommitted_delete_does_not_free_the_primary_key ... ok
test execution::executor::tests::not_null_violation_errors ... ok
test cow::tests_isolation::the_default_one_megabyte_extent_works_end_to_end ... ok
test execution::executor::tests::test_analyze_unknown_table_error ... ok
test execution::executor::tests::test_arithmetic ... ok
test execution::executor::tests::reusing_a_key_does_not_let_the_next_duplicate_through ... ok
test execution::executor::tests::test_comparison ... ok
test execution::executor::tests::test_analyze_empty_table ... ok
test execution::executor::tests::test_analyze_basic ... ok
test execution::executor::tests::test_analyze_nulls_duplicates ... ok
test execution::executor::tests::test_block_rollback_discards_everything ... ok
test execution::executor::tests::test_block_commits_atomically ... ok
test execution::executor::tests::test_comparison_filter ... ok
test execution::executor::tests::test_error_aborts_everything ... ok
test execution::executor::tests::test_duplicate_primary_key_errors ... ok
test execution::executor::tests::test_delete_then_select ... ok
test execution::executor::tests::test_filter ... ok
test cow::tests_compact_refusal::d125_instrument_where_a_starved_insert_loses_rows ... ok
test execution::executor::tests::test_insert_stamps_begin_ts ... ok
test execution::executor::tests::test_inner_join ... ok
test execution::executor::tests::test_inner_join_with_keyword ... ok
test execution::executor::tests::test_logical ... ok
test execution::executor::tests::test_join_select_star ... ok
test execution::executor::tests::test_join_no_match ... ok
test execution::executor::tests::test_join_with_where ... ok
test execution::executor::tests::test_rejects_ddl_inside_block ... ok
test execution::executor::tests::test_left_join ... ok
test execution::executor::tests::test_unary ... ok
test execution::executor::tests::test_projection ... ok
test execution::executor::tests::test_left_no_match ... ok
test execution::executor::tests::test_left_outer_keyword ... ok
test execution::executor::tests::test_select_all ... ok
test execution::fulltext_search::tests::idf_falls_with_document_frequency_and_never_goes_negative ... ok
test execution::executor::tests::test_snapshot_pins_at_begin ... ok
test execution::fulltext_search::tests::term_score_saturates_in_tf_and_penalises_length ... ok
test execution::fulltext_search::tests::the_heap_agrees_with_a_full_sort ... ok
test execution::fulltext_search::tests::the_heap_keeps_the_best_k_whatever_order_they_arrive_in ... ok
test execution::executor::tests::test_uncommitted_writes_invisible_across_sessions ... ok
test execution::fulltext_search::tests::the_heap_never_returns_more_than_k_and_never_pads ... ok
test execution::fulltext_search::tests::ties_break_on_the_primary_key_so_the_boundary_is_deterministic ... ok
test execution::hash_join::tests::equal_hash_keys_hash_identically ... ok
test execution::hash_join::tests::hash_key_equality_agrees_with_the_equality_operator ... ok
test execution::executor::tests::test_update_then_select ... ok
test execution::executor::tests::test_self_join ... ok
test execution::executor::tests::updating_a_primary_key_is_refused_as_a_constraint_and_names_the_remedy ... ok
test execution::executor::tests::test_unsupported_join_type_error ... ok
test optimizer::cost_model::tests::test_fallback ... ok
test cow::btree::delete_unlink_tests::a_boundary_delete_rejoins_across_a_parent_as_well ... ok
test optimizer::optimizer::tests::test_collect_columns ... ok
test optimizer::optimizer::tests::test_combine_column ... ok
test optimizer::optimizer::tests::test_push_spanning_predicate_stays ... ok
test optimizer::optimizer::tests::test_push_split_remap ... ok
test optimizer::optimizer::tests::test_remap ... ok
test optimizer::optimizer::tests::test_split_and_roundtrip ... ok
test optimizer::optimizer::tests::test_wrap_filter_empty_conjuncts ... ok
test optimizer::optimizer::tests::test_wrap_filter_non_empty_conjuncts ... ok
test parser::parser::tests::a_mistyped_alter_still_says_what_was_expected ... ok
test parser::parser::tests::a_prompt_clause_is_optional_and_absent_is_not_empty ... ok
test parser::parser::tests::a_repeated_or_misplaced_clause_is_named_without_quoting_the_prompt ... ok
test parser::parser::tests::all_is_still_an_ordinary_identifier_everywhere_else ... ok
test parser::parser::tests::alter_table_add_column_carries_not_null ... ok
test parser::parser::tests::alter_table_add_column_parses ... ok
test parser::parser::tests::alter_table_rename_column_parses ... ok
test parser::parser::tests::alter_table_retype_column_parses ... ok
test parser::parser::tests::an_unterminated_candidate_body_names_the_candidate_it_belongs_to ... ok
test parser::parser::tests::drop_column_is_refused_by_name_with_the_reason ... ok
test parser::parser::tests::positional_add_column_is_refused_by_name ... ok
test parser::parser::tests::prompt_is_still_a_usable_column_and_table_name ... ok
test parser::parser::tests::simulate_admits_all_or_a_count ... ok
test parser::parser::tests::simulate_refuses_a_run_with_nothing_to_compare_or_nothing_to_check ... ok
test parser::parser::tests::test_as_of_coexists_with_alias_and_where ... ok
test parser::parser::tests::test_as_of_without_branch_keyword_is_an_error ... ok
test parser::parser::tests::test_begin_agent_session_requires_a_quoted_agent_id ... ok
test parser::parser::tests::test_expr_renders_back_to_sql_for_guard_capture ... ok
test parser::parser::tests::test_panic_mode_synchronization ... ok
test parser::parser::tests::test_parse_begin_agent_session ... ok
test parser::parser::tests::test_parse_create_table ... ok
test parser::parser::tests::test_parse_diff_merge_abandon ... ok
test cow::btree::delete_unlink_tests::a_childless_internal_node_is_removed_from_its_parent ... ok
test parser::parser::tests::test_parse_insert ... ok
test parser::parser::tests::test_parse_revert_merge ... ok
test parser::parser::tests::test_parse_select_as_of_branch ... ok
test parser::parser::tests::test_parse_select_str ... ok
test parser::parser::tests::test_parse_simulate ... ok
test parser::parser::tests::test_select_with_join ... ok
test parser::parser::tests::test_update_with_where ... ok
test parser::parser::tests::the_alter_grammar_words_are_still_usable_as_column_names ... ok
test parser::scanner::tests::prompt_is_not_a_reserved_word ... ok
test parser::scanner::tests::test_agent_keywords ... ok
test parser::scanner::tests::test_agent_keywords_are_case_insensitive ... ok
test parser::scanner::tests::test_all_keywords ... ok
test parser::scanner::tests::test_fulltext_keywords ... ok
test parser::scanner::tests::test_identifier_vs_keyword ... ok
test parser::scanner::tests::test_operators ... ok
test parser::scanner::tests::test_select_statement ... ok
test parser::scanner::tests::test_whitespace_ignored ... ok
test pgwire::extended::tests::a_parse_error_names_the_parameter_and_not_the_rewriting ... ok
test pgwire::extended::tests::result_format_shorthands_all_resolve_to_one_format_per_column ... ok
test pgwire::extended::tests::statements_split_on_top_level_semicolons_only ... ok
test pgwire::message::tests::a_body_reports_what_it_did_not_consume ... ok
test pgwire::message::tests::a_bodyless_message_is_still_four_bytes_of_length ... ok
test pgwire::message::tests::a_null_column_is_length_minus_one_not_an_empty_byte_string ... ok
test pgwire::message::tests::a_truncated_body_is_an_error_and_not_a_panic ... ok
test pgwire::message::tests::an_empty_string_is_length_zero_and_not_null ... ok
test pgwire::message::tests::error_response_fields_are_terminated_and_typed ... ok
test pgwire::message::tests::framing_length_covers_itself_and_the_body_but_not_the_tag ... ok
test pgwire::message::tests::parameter_description_is_a_count_then_one_oid_each ... ok
test pgwire::message::tests::ready_for_query_carries_the_transaction_status ... ok
test pgwire::message::tests::row_description_advertises_one_field_per_column ... ok
test pgwire::params::tests::a_bare_dollar_is_left_for_the_scanner_to_complain_about ... ok
test pgwire::params::tests::a_dollar_inside_a_string_literal_is_data ... ok
test optimizer::cost_model::tests::test_cardinality ... ok
test pgwire::params::tests::a_parameter_carrying_sql_stays_one_value ... ok
test pgwire::params::tests::a_parameter_the_client_did_not_bind_is_refused ... ok
test pgwire::params::tests::a_quoted_identifier_is_not_scanned_for_parameters ... ok
test pgwire::params::tests::a_two_digit_parameter_is_one_parameter ... ok
test pgwire::params::tests::placeholders_become_identifiers_and_are_counted ... ok
test pgwire::params::tests::substitution_puts_a_literal_where_the_parameter_was ... ok
test pgwire::params::tests::substitution_reaches_every_expression_position ... ok
test pgwire::params::tests::zero_and_out_of_range_parameter_numbers_are_refused ... ok
test pgwire::session::tests::a_malformed_set_is_refused_here_and_not_passed_on ... ok
test pgwire::session::tests::a_multi_word_value_survives ... ok
test pgwire::session::tests::a_select_against_a_real_table_is_not_a_probe ... ok
test pgwire::session::tests::a_timeout_this_server_does_not_enforce_is_refused_unless_it_is_off ... ok
test pgwire::session::tests::a_transaction_option_this_engine_cannot_honour_is_refused ... ok
test pgwire::session::tests::an_encoding_this_server_cannot_produce_is_refused ... ok
test pgwire::session::tests::an_unknown_parameter_is_refused_but_a_namespaced_one_is_kept ... ok
test pgwire::session::tests::an_update_with_a_set_clause_is_not_a_session_set ... ok
test pgwire::session::tests::ordinary_sql_is_not_a_session_command ... ok
test pgwire::session::tests::pg_catalog_queries_get_an_explanation_rather_than_invented_rows ... ok
test pgwire::session::tests::reset_all_puts_every_parameter_back ... ok
test pgwire::session::tests::set_and_show_round_trip_a_parameter ... ok
test pgwire::session::tests::set_parses_the_spellings_drivers_actually_send ... ok
test pgwire::session::tests::the_normaliser_leaves_alone_what_is_not_transaction_control ... ok
test pgwire::session::tests::the_probes_a_real_driver_sends_are_recognised ... ok
test pgwire::session::tests::the_reported_isolation_level_is_the_one_the_engine_actually_gives ... ok
test pgwire::session::tests::the_reported_parameters_all_have_values ... ok
test pgwire::session::tests::the_startup_packet_can_set_parameters_too ... ok
test pgwire::session::tests::the_transaction_spellings_drivers_send_map_onto_the_three_this_engine_has ... ok
test pgwire::tests::the_reported_server_version_parses_as_a_version_and_stays_below_the_jit_era ... ok
test pgwire::types::tests::a_declared_column_type_maps_to_the_same_oid_as_a_value_of_it ... ok
test pgwire::types::tests::a_malformed_numeric_is_refused_rather_than_read_past_its_end ... ok
test pgwire::types::tests::a_row_that_disagrees_with_its_description_is_refused_not_encoded ... ok
test pgwire::types::tests::a_short_binary_parameter_is_refused_rather_than_padded ... ok
test pgwire::types::tests::a_whole_float_parameter_stays_a_float ... ok
test pgwire::types::tests::an_unencodable_oid_is_named_rather_than_guessed ... ok
test pgwire::types::tests::binary_integers_are_fixed_width_big_endian ... ok
test pgwire::types::tests::binary_parameters_decode_to_the_literal_the_binder_already_understands ... ok
test pgwire::types::tests::booleans_render_as_t_and_f_the_way_postgres_text_format_does ... ok
test pgwire::types::tests::null_is_null_in_both_formats_and_never_the_word ... ok
test pgwire::types::tests::numeric_encodes_to_the_documented_base_10000_shape ... ok
test pgwire::types::tests::numeric_round_trips_including_the_trailing_zeros_that_are_information ... ok
test pgwire::types::tests::numeric_zero_has_no_sign_and_no_digits ... ok
test pgwire::types::tests::text_parameters_decode_under_their_declared_oid ... ok
test pgwire::types::tests::values_map_to_the_postgres_type_oids_a_client_expects ... ok
test planner::plan::tests::test_bounds_basic ... ok
test planner::plan::tests::test_bounds_flipped ... ok
test planner::plan::tests::test_bounds_invalid ... ok
test cow::btree::right_walk_probe::every_leaf_can_reach_its_right_neighbour_without_a_sibling_pointer ... ok
test planner::plan::tests::test_index_scan_point ... ok
test planner::plan::tests::test_index_scan_range ... ok
test provenance::capture::tests::a_capture_retains_reads_in_the_form_the_shape_demands ... ok
test planner::plan::tests::test_index_scan_secondary_equality ... ok
test provenance::capture::tests::a_halted_plan_names_no_version_to_undo_and_a_cascade_names_them_deepest_first ... ok
test provenance::capture::tests::a_point_read_never_retains_a_predicate_even_if_one_is_offered ... ok
test provenance::capture::tests::blind_writes_survive_the_round_trip_through_a_capture ... ok
test provenance::capture::tests::stamping_on_write_ties_the_version_to_the_run ... ok
test provenance::capture::tests::the_log_finds_a_downstream_dependent_and_halts ... ok
test provenance::capture::tests::the_report_names_the_agent_behind_each_blocking_transaction ... ok
test planner::plan::tests::test_index_scan_secondary_rejects_strict_lower ... ok
test provenance::durable::tests::a_failed_append_poisons_the_store_instead_of_leaving_it_looking_healthy ... ok
test provenance::durable::tests::a_dropped_table_forgets_only_what_preceded_the_drop ... ok
test provenance::durable::tests::a_foreign_file_is_refused ... ok
test planner::plan::tests::test_index_scan_unbounded ... ok
test provenance::durable::tests::a_partial_append_is_discarded_reported_and_then_written_over ... ok
test provenance::durable::tests::a_stamp_naming_an_undeclared_run_is_refused_rather_than_healed ... ok
test provenance::durable::tests::a_restamped_version_replays_to_the_later_run ... ok
test provenance::durable::tests::clearing_a_rows_author_survives_the_reopen_as_a_clear ... ok
test cow::tests_compact_refusal::a_starved_delete_never_releases_a_page_the_tree_still_points_at ... ok
test provenance::durable::tests::re_interning_after_a_reopen_returns_the_same_slot ... ok
test provenance::durable::tests::logical_row_authorship_survives_a_close_and_reopen ... ok
test provenance::readset::tests::a_scan_makes_no_write_in_that_table_blind ... ok
test provenance::readset::tests::blind_writes_finds_the_row_nobody_looked_at ... ok
test provenance::readset::tests::form_is_decided_by_shape_alone ... ok
test provenance::durable::tests::run_records_out_of_order_in_the_file_still_replay_to_their_recorded_ids ... ok
test provenance::readset::tests::intersecting_two_lower_bounds_keeps_the_tighter_one ... ok
test provenance::durable::tests::the_in_memory_guards_still_hold_and_a_refused_stamp_never_reaches_the_file ... ok
test provenance::readset::tests::intersecting_two_upper_bounds_keeps_the_tighter_one ... ok
test provenance::readset::tests::predicate_summary_gives_phantom_coverage ... ok
test provenance::durable::tests::who_wrote_a_row_still_answers_after_a_close_and_reopen ... ok
test provenance::readset::tests::scattered_point_reads_are_never_coarsened_however_many ... ok
test provenance::readset::tests::the_intersected_region_is_what_covers_answers_over ... ok
test provenance::revert::tests::a_downstream_dependent_is_found_through_the_read_set ... ok
test provenance::revert::tests::a_predicate_read_depends_on_a_write_that_landed_inside_its_range ... ok
test provenance::revert::tests::a_scan_does_not_depend_on_a_write_it_could_not_have_seen ... ok
test provenance::revert::tests::a_transaction_does_not_depend_on_itself ... ok
test provenance::revert::tests::a_write_outside_the_scanned_range_creates_no_edge ... ok
test provenance::revert::tests::cascade_orders_dependents_before_their_dependency ... ok
test provenance::revert::tests::halt_is_the_default_and_reverts_nothing ... ok
test provenance::revert::tests::predicate_reads_contribute_no_fake_exact_edges ... ok
test provenance::revert::tests::the_halt_tree_shows_the_whole_downstream_chain ... ok
test provenance::revert::tests::the_tree_terminates_on_a_read_write_cycle ... ok
test provenance::sha256::tests::a_prompt_digest_is_non_zero_and_depends_on_the_prompt ... ok
test provenance::sha256::tests::digests_at_every_padding_boundary_match_an_independent_implementation ... ok
test provenance::sha256::tests::fips_180_4_vectors ... ok
test provenance::sha256::tests::hex_round_trips ... ok
test provenance::sha256::tests::one_flipped_bit_changes_the_digest ... ok
test provenance::store::tests::a_logical_row_remembers_which_run_published_it ... ok
test provenance::sha256::tests::the_one_million_a_vector ... ok
test provenance::store::tests::a_page_dictionary_refuses_to_widen_past_a_byte ... ok
test provenance::store::tests::a_row_cannot_be_attributed_to_a_run_this_store_never_interned ... ok
test provenance::store::tests::a_run_can_be_asked_what_it_wrote ... ok
test provenance::store::tests::an_unstamped_version_is_unattributed_not_wrong ... ok
test provenance::store::tests::attributed_rows_reads_one_table_in_row_order ... ok
test provenance::store::tests::attributing_a_row_to_nobody_clears_it_rather_than_being_refused ... ok
test provenance::store::tests::attribution_is_run_level_so_a_page_holds_one_dictionary_entry_per_run ... ok
test provenance::store::tests::criterion_nine_which_agent_run_model_wrote_this_row ... ok
test provenance::store::tests::distinct_runs_get_distinct_slots ... ok
test provenance::store::tests::forgetting_a_table_drops_its_rows_and_only_its_rows ... ok
test provenance::store::tests::interning_the_same_run_twice_is_a_lookup ... ok
test provenance::store::tests::re_interning_a_run_with_a_different_model_is_refused ... ok
test provenance::store::tests::re_publishing_a_row_moves_its_author_to_the_later_run ... ok
test provenance::store::tests::stamping_a_version_with_no_provenance_is_refused ... ok
test provenance::store::tests::stamping_with_an_uninterned_slot_is_refused ... ok
test provenance::store::tests::the_density_numbers_the_docs_quote_are_the_numbers_this_computes ... ok
test provenance::store::tests::the_interned_slot_beats_a_literal_header_by_a_wide_margin ... ok
test provenance::store::tests::the_local_slot_round_trips_through_the_dictionary ... ok
test provenance::tests::prov_id_zero_means_unattributed ... ok
test provenance::tests::run_entity_answers_exit_criterion_nine ... ok
test replication::backup::tests::a_backup_older_than_the_primarys_log_is_refused_by_name ... ok
test replication::backup::tests::a_label_round_trips_through_text ... ok
test replication::backup::tests::a_label_that_is_not_one_is_refused ... ok
test replication::backup::tests::a_label_without_the_version_header_is_refused_rather_than_guessed_at ... ok
test replication::backup::tests::a_checkpoint_may_not_discard_a_pinned_range ... ok
test replication::backup::tests::pinning_an_lsn_the_log_has_already_dropped_is_refused ... ok
test replication::jsonl::tests::a_bare_json_number_would_lose_these_values_which_is_why_they_are_strings ... ok
test replication::jsonl::tests::a_create_table_shape_omits_the_denied_column ... ok
test replication::jsonl::tests::a_declaration_carries_no_alteration ... ok
test replication::jsonl::tests::a_delete_line_carries_before_and_a_null_after ... ok
test replication::jsonl::tests::a_delete_projects_its_only_image ... ok
test replication::backup::tests::a_backup_records_the_lsn_window_its_pages_sit_in ... ok
test replication::jsonl::tests::a_denied_column_is_named_nowhere_in_the_line ... ok
test replication::jsonl::tests::a_feed_with_nothing_withheld_is_unchanged ... ok
test replication::jsonl::tests::a_mixed_row_keeps_narrow_types_as_numbers_and_wide_types_as_strings ... ok
test replication::jsonl::tests::a_null_column_is_present_and_null_not_absent ... ok
test replication::jsonl::tests::a_null_wide_column_is_json_null_not_a_quoted_null ... ok
test replication::jsonl::tests::a_refusal_minted_inside_the_renderer_still_writes_nothing ... ok
test replication::backup::tests::a_truncated_image_is_refused_rather_than_restored ... ok
test replication::jsonl::tests::a_rename_line_carries_the_old_name_the_new_shape_cannot ... ok
test replication::jsonl::tests::a_retype_line_gives_both_type_spellings ... ok
test replication::jsonl::tests::a_row_whose_present_values_are_all_withheld_is_refused ... ok
test replication::jsonl::tests::a_snapshot_read_projects_its_row ... ok
test replication::jsonl::tests::a_table_dump_is_projected_and_refused_by_the_same_policy ... ok
test replication::jsonl::tests::a_whole_numbered_float_keeps_its_decimal_point ... ok
test replication::jsonl::tests::a_withheld_first_column_leaves_valid_json ... ok
test replication::jsonl::tests::an_add_column_line_names_the_added_column_and_the_new_shape ... ok
test replication::backup::tests::the_image_holds_the_primarys_pages ... ok
test replication::jsonl::tests::an_insert_line_carries_after_and_a_null_before ... ok
test replication::jsonl::tests::an_undecided_table_is_refused_by_the_renderer ... ok
test replication::jsonl::tests::an_update_line_carries_both_images ... ok
test replication::jsonl::tests::both_images_of_an_update_are_projected ... ok
test replication::jsonl::tests::column_names_are_escaped_too ... ok
test replication::jsonl::tests::every_character_json_requires_escaping_is_escaped ... ok
test replication::jsonl::tests::floats_round_trip_bit_for_bit ... ok
test replication::jsonl::tests::integer_extremes_survive_exactly ... ok
test replication::jsonl::tests::non_ascii_passes_through_as_utf8 ... ok
test replication::jsonl::tests::non_finite_floats_become_strings_rather_than_invalid_json ... ok
test replication::jsonl::tests::surplus_values_get_visible_synthetic_names_rather_than_vanishing ... ok
test replication::jsonl::tests::the_wide_types_are_emitted_as_quoted_strings ... ok
test replication::jsonl::tests::write_feed_reports_how_many_lines_it_wrote ... ok
test replication::jsonl::tests::write_feed_writes_nothing_at_all_when_any_event_is_refused ... ok
test replication::logical::tests::a_change_to_an_unknown_table_is_reported_rather_than_dropped ... ok
test replication::logical::tests::a_committed_insert_becomes_a_typed_row_event ... ok
test replication::logical::tests::a_ddl_record_whose_alteration_is_not_in_its_shape_is_refused ... ok
test replication::logical::tests::a_decoder_with_no_tables_reports_everything_as_unresolved ... ok
test replication::logical::tests::a_declaration_names_a_run_without_attributing_anybodys_commit ... ok
test replication::logical::tests::a_null_column_decodes_as_null ... ok
test replication::logical::tests::a_second_session_of_one_run_is_not_a_conflicting_actor ... ok
test replication::logical::tests::an_aborted_transaction_emits_nothing ... ok
test replication::logical::tests::an_open_transaction_is_withheld_and_reported ... ok
test replication::logical::tests::an_update_carries_the_row_before_and_after ... ok
test replication::logical::tests::sql_type_contract_is_exhaustive ... ok
test replication::logical::tests::events_are_ordered_by_commit_not_by_write ... ok
test replication::logical::tests::an_mvcc_delete_is_reported_as_a_delete_not_an_update ... ok
test replication::publication::tests::a_column_name_the_format_cannot_express_is_withheld_never_published ... ok
test replication::logical::tests::one_provenance_slot_naming_two_actors_is_refused ... ok
test replication::publication::tests::a_create_table_shape_is_masked_like_a_row ... ok
test replication::publication::tests::a_declaration_with_no_header_is_refused ... ok
test replication::publication::tests::a_drop_table_is_decided_by_the_table_and_not_by_its_columns ... ok
test replication::publication::tests::a_duplicate_column_is_refused ... ok
test replication::publication::tests::a_header_with_no_name_is_refused_as_a_nameless_header ... ok
test replication::logical::tests::time_travel_records_are_counted_as_internal_not_as_lost ... ok
test replication::publication::tests::a_line_the_parser_cannot_read_is_refused_rather_than_skipped ... ok
test replication::publication::tests::a_name_containing_the_comment_character_is_refused_rather_than_shortened ... ok
test replication::publication::tests::a_name_that_is_not_an_identifier_is_refused ... ok
test replication::publication::tests::a_publication_that_names_no_table_is_refused_at_parse ... ok
test replication::publication::tests::a_refusal_says_which_publication_refused_what ... ok
test replication::publication::tests::a_table_declared_twice_is_refused ... ok
test replication::publication::tests::a_table_published_with_no_columns_is_refused_like_an_absent_one ... ok
test replication::publication::tests::a_table_that_is_both_published_and_excluded_is_refused_either_way_round ... ok
test replication::publication::tests::a_table_that_is_not_in_the_publication_is_refused ... ok
test replication::publication::tests::a_table_with_no_columns_is_refused_at_parse ... ok
test replication::publication::tests::a_value_with_no_column_name_is_refused_under_an_allowlist ... ok
test replication::publication::tests::an_event_whose_every_column_is_withheld_is_refused ... ok
test replication::publication::tests::an_excluded_table_is_decided_against_rather_than_undecided ... ok
test replication::publication::tests::both_images_of_an_update_are_covered_by_the_value_check ... ok
test replication::publication::tests::mask_for_decides_a_bare_table_and_column_list ... ok
test replication::publication::tests::parse_narrows_to_exactly_what_it_names ... ok
test cow::diff::tests::warming_a_whole_tree_through_an_on_demand_digest_costs_more_than_the_o_n_path ... ok
test replication::publication::tests::two_columns_with_one_name_are_refused_rather_than_guessed ... ok
test replication::publication::tests::unrestricted_publishes_everything ... ok
test replication::publication::tests::whole_line_comments_and_blank_lines_are_ignored ... ok
test replication::snapshot::tests::a_failed_scan_yields_no_handoff ... ok
test replication::snapshot::tests::a_quiet_database_hands_off_exactly ... ok
test replication::snapshot::tests::a_snapshot_writes_read_events_and_reports_its_handoff ... ok
test replication::snapshot::tests::a_failed_exact_scan_closes_its_reader_and_yields_no_handoff ... ok
test replication::snapshot::tests::an_empty_table_still_yields_a_handoff_point ... ok
test replication::snapshot::tests::a_scan_that_fails_after_writing_reports_the_rollback_too ... ok
test replication::snapshot::tests::the_handoff_lsn_is_taken_before_the_scan_not_after ... ok
test replication::snapshot::tests::a_snapshot_whose_resume_point_cannot_be_pinned_leaves_no_reader_behind ... ok
test replication::snapshot::tests::an_exact_snapshot_writes_its_rows_and_pins_its_resume_point ... ok
test replication::snapshot::tests::the_boundary_covers_exactly_the_tables_that_were_delivered ... ok
test replication::stream::tests::a_batch_that_is_entirely_refused_does_not_advance_the_cursor ... ok
test replication::stream::tests::a_batch_that_is_entirely_suppressed_still_advances_the_cursor ... ok
test replication::stream::tests::a_large_backlog_is_delivered_in_bounded_batches ... ok
test replication::stream::tests::a_cursor_below_the_logs_base_is_refused_by_name ... ok
test replication::stream::tests::a_pump_emits_committed_changes_and_advances_past_them ... ok
test replication::stream::tests::a_long_open_transaction_does_not_cause_endless_redelivery ... ok
test replication::stream::tests::a_refusal_leaves_a_subscriptions_claim_below_the_refused_commit ... ok
test replication::stream::tests::a_refused_event_is_replayed_after_the_publication_is_widened ... ok
test replication::stream::tests::a_streamer_without_a_snapshot_boundary_suppresses_nothing ... ok
test replication::stream::tests::a_schema_event_survives_the_snapshot_filter ... ok
test optimizer::cost_model::tests::test_cost_secondary_over_primary ... ok
test replication::stream::tests::a_transaction_that_was_in_flight_at_snapshot_time_is_still_delivered ... ok
test replication::stream::tests::an_already_delivered_event_does_not_wedge_the_cursor_when_it_later_becomes_unpublishable ... ok
test replication::stream::tests::a_subscription_holds_the_log_across_a_checkpoint ... ok
test replication::stream::tests::an_excluded_tables_events_are_dropped_and_the_cursor_keeps_moving ... ok
test replication::stream::tests::changes_that_are_not_durable_yet_are_not_emitted ... ok
test replication::stream::tests::an_in_flight_transaction_does_not_move_the_cursor_and_is_emitted_after_it_commits ... ok
test replication::stream::tests::an_open_transaction_is_not_stepped_over_when_a_later_one_commits ... ok
test replication::stream::tests::events_the_snapshot_already_contained_are_not_re_delivered ... ok
test replication::stream::tests::following_takes_its_cursor_from_the_boundary_and_refuses_without_one ... ok
test replication::sync::tests::a_replica_that_reconnects_inside_the_deadline_still_satisfies_the_commit ... ok
test replication::stream::tests::lag_shrinks_as_a_consumer_catches_up ... ok
test replication::stream::tests::resuming_from_a_commit_position_alone_loses_an_in_flight_transaction ... ok
test replication::sync::tests::a_target_already_acked_does_not_wait ... ok
test replication::stream::tests::resuming_from_the_returned_cursor_does_not_repeat_events ... ok
test replication::stream::tests::withholding_a_column_still_ships_the_row_and_advances_the_cursor ... ok
test replication::stream::tests::subscribing_below_the_base_is_refused_immediately ... ok
test replication::sync::tests::an_ack_never_goes_backwards ... ok
test replication::sync::tests::the_furthest_replica_satisfies_the_wait ... ok
test replication::sync::tests::an_ack_that_reaches_the_target_releases_the_waiter ... ok
test replication::tests::a_frame_too_short_for_its_own_fields_is_refused ... ok
test replication::tests::a_truncated_frame_is_refused_rather_than_misread ... ok
test replication::tests::an_empty_records_batch_is_distinct_from_no_batch ... ok
test replication::sync::tests::with_no_replica_it_refuses_rather_than_degrading_silently ... ok
test replication::tests::an_oversized_length_is_refused_without_allocating ... ok
test replication::tests::every_message_round_trips ... ok
test replication::tests::the_handshake_rejects_a_stranger_and_a_version_mismatch ... ok
test replication::tests::the_length_covers_the_body_only ... ok
test storage::atomic_file::tests::a_bare_relative_target_syncs_the_current_directory_not_the_empty_path ... ok
test storage::atomic_file::tests::a_durable_append_is_one_fsync_where_a_replace_is_two ... ok
test storage::atomic_file::tests::a_durable_replace_syncs_the_temporary_before_the_rename_and_the_directory_after_it ... ok
test storage::atomic_file::tests::a_path_that_names_no_file_is_refused_rather_than_staged_through_dot_tmp ... ok
test storage::atomic_file::tests::syncing_a_real_directory_succeeds_on_this_platform ... ok
test storage::atomic_file::tests::the_temporary_appends_tmp_instead_of_replacing_the_extension ... ok
test storage::db_lock::tests::a_second_claim_on_one_database_is_refused ... ok
test storage::db_lock::tests::a_stale_lock_is_refused_and_names_the_file_to_remove ... ok
test cow::tests_compact_refusal::d125_instrument_the_same_starvation_on_shadowed_pages ... ok
test storage::db_lock::tests::an_empty_lock_file_still_refuses ... ok
test provenance::durable::tests::the_interning_claim_still_holds_after_a_reopen_on_the_existing_instrument ... ok
test storage::atomic_file::tests::appending_to_a_missing_file_is_refused_rather_than_creating_a_headless_tail ... ok
test storage::disk_manager::tests::a_page_between_two_regions_belongs_to_this_allocator_and_can_be_freed ... ok
test storage::db_lock::tests::dropping_the_lock_lets_the_next_open_through ... ok
test storage::db_lock::tests::two_different_databases_do_not_contend ... ok
test storage::disk_manager::tests::a_second_reservation_at_a_higher_base_is_refused ... ok
test storage::disk_manager::tests::allocate_skips_a_bounded_region_and_keeps_handing_out_pages_above_it ... ok
test storage::disk_manager::tests::an_unbounded_region_still_stops_the_allocator_and_names_the_knob ... ok
test storage::disk_manager::tests::growth_advances_past_bounded_regions_and_stops_at_an_unbounded_one ... ok
test storage::disk_manager::tests::exhausting_the_table_region_says_the_knob_will_not_help_this_database ... ok
test storage::disk_manager::tests::growing_the_bitmap_does_not_reuse_owned_pages ... ok
test storage::atomic_file::tests::the_real_filesystem_replace_lands_the_bytes_and_leaves_no_temporary ... ok
test storage::disk_manager::tests::high_water_does_not_regress_after_a_free ... ok
test storage::disk_manager::tests::overlapping_regions_are_refused_and_the_message_names_both ... ok
test storage::disk_manager::tests::next_page_id_is_not_the_high_water_mark ... ok
test storage::disk_manager::tests::re_registering_an_identical_region_is_a_restart_not_an_error ... ok
test storage::atomic_file::tests::a_replace_after_appends_drops_the_tail_instead_of_stranding_it ... ok
test storage::disk_manager::tests::reattaching_at_the_same_base_is_allowed ... ok
test storage::disk_manager::tests::test_freelist ... ok
test storage::disk_manager::tests::two_bounded_regions_coexist_which_a_single_floor_refused ... ok
test storage::disk_manager::tests::test_rw ... ok
test storage::heap_file_manager::tests::test_insert_and_read ... ok
test storage::heap_page::tests::test_basic ... ok
test storage::heap_file_manager::tests::test_insert_delete_scan ... ok
test storage::heap_page::tests::test_exact_bytes ... ok
test storage::heap_file_manager::tests::test_scan ... ok
test storage::heap_file_manager::tests::test_update_in_place ... ok
test storage::heap_file_manager::tests::test_multiple_pages ... ok
test storage::index::tests::test_create_init_empty_leaf ... ok
test storage::index::tests::test_delete_not_real_key ... ok
test storage::index::tests::test_internal_node_split_a_lot ... ok
test storage::index::tests::test_delete_basic ... ok
test storage::index::tests::test_range_scan_basic ... ok
test storage::index::tests::an_entry_larger_than_a_page_is_refused_rather_than_split_into_an_empty_leaf ... ok
test storage::index::tests::test_search_empty_tree_returns_none ... ok
test storage::index::tests::test_search_finds_key ... ok
test storage::index_fulltext::tests::an_over_long_run_is_dropped_and_its_neighbours_are_not ... ok
test storage::index::tests::test_simple_insert ... ok
test storage::index_fulltext::tests::distinct_tokens_dedups_but_tokenize_does_not ... ok
test storage::index_fulltext::tests::indexed_text_accepts_varchar_and_null_and_refuses_the_rest ... ok
test storage::index::tests::test_range_scan_many_pages ... ok
test storage::index_fulltext::tests::null_is_the_floor_of_the_second_component ... ok
test storage::index_fulltext::tests::the_cap_counts_bytes_not_chars ... ok
test storage::index_fulltext::tests::tokenize_emits_no_empty_tokens ... ok
test storage::index_fulltext::tests::tokenize_limits_are_the_documented_ones ... ok
test storage::index_fulltext::tests::tokenize_lowercases_and_splits_on_non_alphanumerics ... ok
test storage::index_page::tests::test_internal_find_child ... ok
test storage::index_page::tests::test_internal_insert_key_child ... ok
test storage::index::tests::test_many_level_insert_and_search ... ok
test storage::index_page::tests::test_internal_split ... ok
test storage::index::tests::test_many_level_reverse ... ok
test storage::index_page::tests::test_leaf_composite_keys ... ok
test storage::index_page::tests::test_leaf_get ... ok
test storage::index_page::tests::test_leaf_insert_sorted ... ok
test storage::index_page::tests::test_leaf_remove ... ok
test storage::index_page::tests::test_leaf_split ... ok
test storage::index_page::tests::test_roundtrip_i_p ... ok
test storage::index_page::tests::test_roundtrip_i_s ... ok
test storage::index_page::tests::test_roundtrip_l_p ... ok
test storage::index_page::tests::test_roundtrip_l_s ... ok
test storage::page_latch::tests::a_read_latch_taken_from_inside_the_pool_is_refused - should panic ... ok
test storage::page_latch::tests::a_write_latch_taken_from_inside_the_pool_is_refused - should panic ... ok
test storage::page_latch::tests::different_pages_do_not_block_each_other ... ok
test storage::page_latch::tests::latching_first_and_then_entering_the_pool_is_allowed ... ok
test storage::page_latch::tests::nested_pool_sections_unwind_to_zero_and_not_below ... ok
test storage::page_latch::tests::readers_share_and_a_writer_excludes ... ok
test storage::page_latch::tests::the_depth_is_per_thread ... ok
test storage::page_latch::tests::the_table_empties_when_every_guard_is_dropped ... ok
test storage::tuple::tests::serialising_a_row_that_does_not_match_its_schema_is_refused ... ok
test storage::tuple::tests::test_null ... ok
test storage::page_latch::tests::the_write_latch_actually_serialises ... ok
test storage::tuple::tests::test_se_and_deserialize ... ok
test storage::tuple::tests::test_versioned_tuple_roundtrip ... ok
test tel::capture::tests::a_delta_against_a_different_column_is_not_a_relative_move ... ok
test tel::capture::tests::a_guard_reading_outside_the_target_table_is_refused ... ok
test tel::capture::tests::a_join_shifts_the_target_tables_offsets ... ok
test tel::capture::tests::a_literal_assignment_stays_an_assign ... ok
test tel::capture::tests::a_single_table_plan_still_maps_offsets_straight_through ... ok
test tel::capture::tests::a_snapshot_refuses_a_row_it_does_not_hold ... ok
test tel::capture::tests::a_where_clause_becomes_a_guard_that_can_be_rechecked_later ... ok
test tel::capture::tests::an_untranslatable_predicate_is_refused_rather_than_weakened ... ok
test tel::capture::tests::arithmetic_inside_a_guard_survives_capture ... ok
test tel::capture::tests::conjunctions_and_negations_survive_capture ... ok
test tel::capture::tests::end_to_end::concurrent_decrements_compose_arithmetically ... ok
test tel::capture::tests::end_to_end::overselling_is_rejected_with_the_violated_predicate_returned ... ok
test tel::capture::tests::end_to_end::the_rejection_is_not_unconditional ... ok
test tel::capture::tests::five_minus_qty_is_not_an_add_because_subtraction_does_not_commute ... ok
test tel::capture::tests::five_plus_qty_is_still_an_add ... ok
test tel::capture::tests::qty_minus_five_is_captured_as_an_add_not_an_assign ... ok
test tel::engine::tests::a_delete_does_not_invalidate_its_own_where_clause ... ok
test tel::engine::tests::a_delete_versus_a_write_names_the_right_side_in_the_report ... ok
test tel::engine::tests::a_discarded_write_is_reported_as_the_side_s_net_effect ... ok
test tel::engine::tests::a_drawdown_that_exactly_exhausts_the_resource_is_allowed ... ok
test tel::engine::tests::a_duplicate_frame_across_sides_is_dropped_too ... ok
test tel::engine::tests::a_failing_lca_read_surfaces_instead_of_becoming_no_lca_value ... ok
test tel::engine::tests::a_frames_own_guarded_delete_is_not_unevaluable ... ok
test tel::engine::tests::a_genuinely_violated_precondition_still_conflicts ... ok
test tel::engine::tests::a_guard_reading_a_row_the_other_side_deleted_is_unevaluable ... ok
test tel::engine::tests::a_one_sided_write_is_clean_not_commuting ... ok
test tel::engine::tests::a_removed_dot_does_not_survive_the_merge ... ok
test tel::engine::tests::a_row_created_inside_the_merge_supplies_its_own_base_for_a_delta ... ok
test tel::engine::tests::a_row_routed_op_that_is_not_create_or_delete_is_refused ... ok
test tel::engine::tests::a_schema_version_mismatch_fails_loudly ... ok
test tel::engine::tests::a_set_op_meeting_a_scalar_op_conflicts_rather_than_panicking ... ok
test tel::engine::tests::a_solo_decrement_landing_on_its_own_bound_is_not_a_conflict ... ok
test tel::engine::tests::a_well_formed_row_create_is_still_composed ... ok
test tel::engine::tests::additive_policy_uses_the_three_way_formula_on_absolute_writes ... ok
test tel::engine::tests::an_absent_lca_cell_still_falls_back_to_the_fresh_image ... ok
test tel::engine::tests::an_uncontended_decrement_does_not_conflict_with_its_own_result ... ok
test tel::engine::tests::an_unevaluable_guard_is_distinct_from_a_failed_one ... ok
test tel::engine::tests::both_sides_deleting_the_same_row_is_idempotent ... ok
test tel::engine::tests::contradictory_assigns_under_the_default_policy_conflict ... ok
test tel::engine::tests::dedup_reports_which_txn_it_dropped ... ok
test tel::engine::tests::delete_on_one_side_versus_a_write_on_the_other_conflicts ... ok
test tel::engine::tests::diff_returns_the_ops_and_guards_the_target_branch_added ... ok
test tel::engine::tests::diff_without_a_log_is_an_error_not_an_empty_changeset ... ok
test tel::engine::tests::escrow_floor_is_rechecked_against_merged_state ... ok
test tel::engine::tests::every_violated_guard_is_reported_not_just_the_first ... ok
test tel::engine::tests::folding_a_side_applies_its_own_ops_in_order ... ok
test tel::engine::tests::guard_failing_against_merged_state_is_a_conflict_with_the_predicate_returned ... ok
test tel::engine::tests::identical_assigns_are_not_a_conflict ... ok
test tel::engine::tests::lww_orders_by_global_txn_id_not_branch_local_seq ... ok
test tel::engine::tests::lww_reports_resolved_with_loss_and_names_the_discarded_write ... ok
test tel::engine::tests::main_untouched_is_clean ... ok
test tel::engine::tests::max_and_min_compose_without_a_policy ... ok
test tel::engine::tests::merging_frames_read_back_from_the_log_reaches_the_same_answer ... ok
test tel::engine::tests::multi_value_keeps_both_writes ... ok
test tel::engine::tests::multi_value_surfaces_each_side_s_net_effect ... ok
test tel::engine::tests::multivalue_composes_net_effects_not_last_ops ... ok
test tel::engine::tests::observed_remove_spares_an_insert_the_remover_never_saw ... ok
test tel::engine::tests::replayed_frame_is_dropped_rather_than_applied_twice ... ok
test tel::engine::tests::the_same_guard_holds_when_the_composition_leaves_headroom ... ok
test tel::engine::tests::two_branches_decrementing_compose_arithmetically ... ok
test tel::engine::tests::two_identical_decrements_from_different_txns_are_not_deduplicated ... ok
test tel::guard::tests::an_and_with_an_unknown_operand_is_unknown_not_true ... ok
test tel::guard::tests::an_or_with_an_unknown_operand_is_unknown_and_not_negatable_into_true ... ok
test tel::guard::tests::bounded_counter_guard_composes_with_arithmetic ... ok
test tel::guard::tests::guard_is_rechecked_against_whatever_state_it_is_given ... ok
test tel::guard::tests::null_operand_makes_the_guard_unknown_not_true ... ok
test tel::guard::tests::referenced_cells_finds_every_read ... ok
test tel::guard::tests::unreadable_cell_is_an_error_not_a_false ... ok
test tel::guard::tests::violated_predicate_is_returned_verbatim ... ok
test tel::log::tests::frames_come_back_in_sequence_order_per_branch ... ok
test tel::log::tests::guards_survive_the_round_trip_separately_from_ops ... ok
test tel::log::tests::replaying_the_identical_frame_does_not_store_it_twice ... ok
test tel::log::tests::reusing_a_txn_id_for_different_contents_is_an_error_not_an_overwrite ... ok
test tel::log::tests::the_same_txn_id_on_a_different_branch_is_a_different_frame ... ok
test tel::log::tests_durable_log::a_boolean_byte_that_is_neither_zero_nor_one_is_refused ... ok
test tel::log::tests_durable_log::a_contradicting_reappend_is_refused_and_never_reaches_the_file ... ok
test tel::log::tests_durable_log::a_crash_at_any_point_during_an_append_loses_nothing_already_acknowledged ... ok
test tel::log::tests_durable_log::a_delta_whose_prior_counts_do_not_line_up_is_refused ... ok
test tel::log::tests_durable_log::a_failed_append_leaves_a_store_that_still_works_and_a_file_that_still_opens ... ok
test tel::log::tests_durable_log::a_foreign_file_and_a_damaged_header_are_both_refused ... ok
test tel::log::tests_durable_log::a_growing_frame_replays_to_its_final_contents_and_not_to_the_sum_of_its_appends ... ok
test tel::log::tests_durable_log::a_growth_whose_tail_carries_guards_and_claims_replays_with_them ... ok
test tel::log::tests_durable_log::a_guard_nested_past_the_cap_is_refused_on_the_way_in_and_on_the_way_out ... ok
test tel::log::tests_durable_log::a_merge_computed_after_a_restart_agrees_with_one_computed_before_it ... ok
test tel::log::tests_durable_log::a_nan_delta_does_not_turn_a_retry_into_a_contradiction ... ok
test tel::log::tests_durable_log::a_partial_append_is_discarded_reported_and_then_written_over ... ok
test tel::log::tests_durable_log::a_read_error_mid_file_refuses_the_open_and_destroys_nothing ... ok
test tel::log::tests_durable_log::a_retried_frame_does_not_double_its_add_across_a_restart ... ok
test tel::log::tests_durable_log::a_second_open_for_one_key_is_refused ... ok
test tel::log::tests_durable_log::a_value_too_long_for_its_length_prefix_is_refused_rather_than_truncated ... ok
test tel::log::tests_durable_log::an_extend_for_a_frame_the_file_never_declared_is_refused ... ok
test tel::log::tests_durable_log::an_unknown_tag_and_a_record_with_trailing_bytes_are_both_refused ... ok
test tel::log::tests_durable_log::concurrent_appends_all_reach_the_file_exactly_once ... ok
test tel::log::tests_durable_log::frames_survive_a_restart_with_every_field_intact ... ok
test tel::log::tests_durable_log::growth_costs_the_delta_and_not_the_whole_frame_again ... ok
test tel::log::tests_durable_log::retyping_a_stored_value_under_growth_cannot_split_the_two_stores ... ok
test tel::log::tests_durable_log::the_same_txn_id_on_a_different_branch_is_a_different_frame_after_a_restart ... ok
test tel::merge::tests::conflict_carries_the_predicate_back_to_the_agent ... ok
test tel::merge::tests::default_policy_forbids_concurrent_writes ... ok
test tel::merge::tests::lossy_resolution_never_reads_as_clean ... ok
test tel::op::tests::assign_is_idempotent_but_does_not_commute ... ok
test tel::op::tests::delta_applies_and_refuses_non_numeric ... ok
test tel::op::tests::integer_delta_overflow_is_an_error_not_a_wrap ... ok
test tel::op::tests::two_identical_decrements_compose_to_double ... ok
test tel::schema_merge::tests::a_one_sided_schema_change_is_clean ... ok
test tel::log::tests_durable_log::the_log_opens_on_a_real_file_and_recovers_from_it ... ok
test tel::schema_merge::tests::a_predicate_about_an_absent_column_is_answerable ... ok
test tel::schema_merge::tests::a_rename_composes_with_an_unrelated_add ... ok
test tel::schema_merge::tests::a_rename_onto_a_name_another_branch_created_conflicts ... ok
test tel::schema_merge::tests::adding_the_same_column_twice_with_different_types_conflicts ... ok
test tel::schema_merge::tests::an_identical_edit_is_absorbed_rather_than_refused ... ok
test tel::schema_merge::tests::no_edits_is_clean_even_when_the_target_moved ... ok
test tel::schema_merge::tests::renaming_a_column_another_branch_renamed_first_conflicts ... ok
test tel::schema_merge::tests::the_returned_predicate_re_evaluates_to_false ... ok
test tel::schema_merge::tests::two_branches_adding_different_columns_compose ... ok
test tel::schema_merge::tests::two_branches_retyping_one_column_conflict_and_name_the_predicate ... ok
test wal::log::tests::a_run_identity_record_that_names_no_run_is_refused ... ok
test wal::log::tests::a_truncated_alteration_is_refused_rather_than_panicking ... ok
test wal::log::tests::a_truncated_run_identity_record_is_refused_rather_than_panicking ... ok
test wal::log::tests::an_older_logs_records_still_decode_after_the_new_tag_was_added ... ok
test wal::log::tests::an_unknown_alteration_tag_is_refused ... ok
test wal::log::tests::create_and_drop_records_keep_their_byte_layout ... ok
test wal::log::tests::a_record_whose_bytes_were_corrupted_is_refused ... ok
test wal::log::tests::deserialize_rejects_empty_and_unknown_tag ... ok
test wal::log::tests::every_column_alteration_survives_the_log_round_trip ... ok
test wal::log::tests::test_crc32_val ... ok
test wal::log::tests::test_corrupted_last_record_detected ... ok
test wal::log::tests::test_reckind_roundtrip ... ok
test wal::log::tests::test_lsns_are_monotonic ... ok
test wal::log::tests::test_flush_up_to_stops_when_durable ... ok
test wal::log::tests::test_read_buffer_before_flush ... ok
test wal::log::tests::test_survives_flush_and_reopen ... ok
test wal::log::tests::the_recovery_scan_stops_at_a_corrupted_record ... ok
test wal::recovery::tests::test_insert_survives_crash ... ok
test wal::recovery::tests::test_uncommited_rolled_back ... ok
test wal::txn::tests::a_quiet_database_resumes_at_the_readers_own_begin ... ok
test storage::index::tests::internal_nodes_split_before_overflowing_the_page ... ok
test wal::recovery::tests::sql_crash_recover_rebuild_query ... ok
test wal::txn::tests::a_reader_is_not_leaked_when_its_txn_end_cannot_be_written ... ok
test wal::recovery::tests::test_update_delete_redo_after_checkpoint ... ok
test wal::txn::tests::a_second_session_of_one_run_is_the_same_actor_however_the_clock_moved ... ok
test wal::txn::tests::a_refused_binding_leaves_nothing_behind_for_the_commit_to_write ... ok
test wal::txn::tests::binding_a_run_with_an_empty_named_field_is_refused ... ok
test wal::txn::tests::a_snapshot_read_resumes_at_the_oldest_transaction_it_excluded ... ok
test wal::txn::tests::a_snapshot_reader_that_writes_is_refused_and_rolled_back ... ok
test wal::txn::tests::declaring_one_slot_as_two_actors_is_refused ... ok
test wal::txn::tests::checkpoint_truncates_and_preserves_data ... ok
test wal::txn::tests::a_snapshot_reader_is_not_leaked_when_its_handoff_cannot_be_pinned ... ok
test wal::txn::tests::gate_covers_flush_all ... ok
test wal::txn::tests::interrupted_truncation_self_heals_on_open ... ok
test wal::txn::tests::gate_flushed_wal_before_page_write ... ok
test wal::txn::tests::test_visibility_matrix ... ok
test wal::txn::tests::the_high_water_mark_is_exclusive ... ok
test wal::txn::tests::test_begin_creates_snapshot ... ok
test wal::txn::tests::test_abort_delete_restores_row ... ok
test wal::txn::tests::test_abort_insert_removes_rows ... ok
test wal::visibility::tests::an_uncontended_version_and_my_own_write_are_both_writable ... ok
test wal::visibility::tests::overwriting_a_version_an_in_flight_transaction_created_is_a_conflict ... ok
test wal::visibility::tests::overwriting_a_version_an_in_flight_transaction_deleted_is_a_conflict ... ok
test wal::txn::tests::sql_insert_commits_through_run ... ok
test wal::txn::tests::test_commit_writes_chain_and_flushes ... ok
test wal::txn::tests::torn_tail_trimmed_on_open ... ok
test wal::txn::tests::transaction_ids_never_start_at_zero ... ok
test wal::txn::tests::the_run_identity_record_is_the_last_record_before_its_own_commit ... ok
test execution::hash_join::tests::hash_join_matches_integer_key_against_float_key ... ok
test execution::hash_join::tests::nested_loop_and_hash_join_agree_across_integer_and_float_keys ... ok
test optimizer::cost_model::tests::test_join_picks_hash ... ok
test execution::executor::tests::root_split_persists_across_reopen ... ok
test branch::table_catalog::tests::a_reopen_through_the_header_page_follows_a_root_that_moved ... ok
test cow::tests_compact_refusal::a_starved_allocation_never_leaves_an_unverifiable_page ... ok
test branch::table_catalog::tests::a_sidecar_catalog_survives_being_closed_and_reopened_from_the_file_alone ... ok
test storage::atomic_file::tests::concurrent_replaces_of_one_target_never_publish_a_mixture ... ok
test optimizer::cost_model::tests::explain_index_flip_at_volume ... ok
test optimizer::cost_model::tests::test_cost_index_vs_seq ... ok
test branch::reaper::tests::table_catalog::a_thousand_branches_forked_and_abandoned_concurrently_stay_consistent ... ok

test result: ok. 1654 passed; 0 failed; 2 ignored; 0 measured; 0 filtered out; finished in 56.44s

=== target adv_f4_false_refusal
   Compiling ferrodb v0.1.0 (/Users/idide/wt/ferrodb-d81-land)
    Finished `test` profile [unoptimized + debuginfo] target(s) in 1.90s
     Running tests/adv_f4_false_refusal.rs (target/debug/deps/adv_f4_false_refusal-6c13c5accbcb295f)

running 13 tests
test two_branches_adding_the_same_column_do_not_leave_two_columns_of_that_name ... ok
test quarantine_release_then_merge ... ok
test revert_then_merge ... ok
test a_conflicting_merge_then_merge ... ok
test abandon_then_new_session_then_merge ... ok
test a_gate_refusal_then_merge ... ok
test two_interleaved_connections_merging ... ok
test revert_cascade_then_merge ... ok
test multi_op_merges_in_sequence ... ok
test simulate_then_merge ... ok
test a_merge_that_fails_after_reserving_then_merge ... ok
test forty_merges_with_reverts_interleaved ... ok
test a_hundred_merges_in_a_row ... ok

test result: ok. 13 passed; 0 failed; 0 ignored; 0 measured; 0 filtered out; finished in 1.12s

=== target adv_f5_probe
   Compiling ferrodb v0.1.0 (/Users/idide/wt/ferrodb-d81-land)
    Finished `test` profile [unoptimized + debuginfo] target(s) in 1.80s
     Running tests/adv_f5_probe.rs (target/debug/deps/adv_f5_probe-68c5843e4ccb02b0)

running 5 tests
test p5_an_update_on_a_sealed_branch_now_reports_a_read_error ... ok
test p1_non_agent_as_of_branch_reads_fine_and_retains_nothing ... ok
test p2_agent_session_reads_another_live_branch_as_of ... ok
test p3_supervisor_merge_by_name_leaves_the_agent_connection_inert ... ok
test p4_a_read_on_a_branch_the_reaper_took_is_not_refused_and_pins_revert_forever ... ok

test result: ok. 5 passed; 0 failed; 0 ignored; 0 measured; 0 filtered out; finished in 0.11s

=== target adv_f6_dropped_capture
   Compiling ferrodb v0.1.0 (/Users/idide/wt/ferrodb-d81-land)
    Finished `test` profile [unoptimized + debuginfo] target(s) in 1.54s
     Running tests/adv_f6_dropped_capture.rs (target/debug/deps/adv_f6_dropped_capture-dab99c539ab9b0b9)

running 3 tests
test control_merging_the_parent_keeps_the_same_dependent ... ok
test abandoning_a_parent_whose_child_published_its_write_loses_the_dependent ... ok
test reaping_a_parent_whose_child_published_its_write_loses_the_dependent ... ok

test result: ok. 3 passed; 0 failed; 0 ignored; 0 measured; 0 filtered out; finished in 0.11s

=== target adversarial_i20
   Compiling ferrodb v0.1.0 (/Users/idide/wt/ferrodb-d81-land)
    Finished `test` profile [unoptimized + debuginfo] target(s) in 1.67s
     Running tests/adversarial_i20.rs (target/debug/deps/adversarial_i20-6dd5677a4cbe21b5)

running 15 tests
test b6_a_truncated_away_alter_leaves_a_diverged_replica_reporting_caught_up ... ignored, known-open defect, ledger row S5: needs a design decision on where replica-local durable state lives; run with --ignored to reproduce
test b4_a_clr_wrapping_an_alter_is_not_seen_by_the_guard ... ok
test a8_a_refused_create_table_still_creates_the_table_and_logs_nothing ... ok
test a1_the_same_range_decodes_differently_depending_on_what_ran_before ... ok
test a6_a_cursor_clamped_backwards_over_a_ddl ... ok
test a3_nine_columns_across_a_pump_boundary ... ok
test b2_a_restarted_replica_meets_the_alter_again ... ok
test b1_a_refusal_leaves_applied_lsn_and_the_file_untouched ... ok
test a4_drop_and_recreate_reusing_the_dir_root ... ok
test b5_small_batches_still_halt_at_the_alter ... ok
test b3_the_alter_record_truncated_away_before_the_restart ... ok
test a7_a_ddl_can_never_share_a_range_with_an_open_transaction ... ok
test a9_history_learned_from_one_log_is_applied_to_another ... ok
test a5_history_growth_under_a_live_subscription_pin ... ok
test a2_two_threads_pumping_one_streamer ... ok

test result: ok. 14 passed; 0 failed; 1 ignored; 0 measured; 0 filtered out; finished in 34.61s

=== target agent_sql_surface
   Compiling ferrodb v0.1.0 (/Users/idide/wt/ferrodb-d81-land)
    Finished `test` profile [unoptimized + debuginfo] target(s) in 1.85s
     Running tests/agent_sql_surface.rs (target/debug/deps/agent_sql_surface-3cafa62735b530de)

running 32 tests
test a_comparison_on_a_branch_does_not_round_the_literal ... ok
test begin_agent_session_forks_a_branch_and_interns_the_run ... ok
test a_malformed_model_is_refused_rather_than_recorded_blank ... ok
test abandon_drops_the_branch_and_leaves_main_untouched ... ok
test a_second_agent_session_on_one_connection_is_refused ... ok
test an_lww_column_resolves_with_loss_and_never_reports_clean ... ok
test a_solo_merge_is_clean_and_publishes_to_main ... ok
test a_nested_task_forks_from_its_parents_state_and_then_diverges ... ok
test captured_frames_reach_the_effect_log_as_one_frame_per_task ... ok
test branch_writes_are_invisible_to_main_and_to_siblings ... ok
test agent_statements_outside_a_session_name_the_missing_branch ... ok
test a_conflicting_merge_attributes_nothing ... ok
test as_of_branch_sees_uncommitted_inserts_and_deletes_too ... ok
test a_merge_with_no_downstream_reader_reverts_without_cascading ... ok
test a_guard_that_fails_against_merged_state_returns_the_predicate_itself ... ok
test a_session_declaring_no_model_is_recorded_as_unspecified_not_guessed ... ok
test a_multi_row_merge_publishes_every_row_in_one_transaction ... ok
test a_whole_numbered_literal_updates_a_float_column_on_a_branch_and_on_trunk ... ok
test concurrent_assignments_conflict_rather_than_silently_picking_one ... ok
test diff_returns_a_structured_changeset_with_ops_and_outcomes ... ok
test ordinary_statements_are_unaffected_by_the_agent_surface ... ok
test diff_of_an_untouched_branch_is_empty_but_still_a_changeset ... ok
test reverting_an_unknown_merge_is_an_error_not_a_no_op ... ok
test select_as_of_branch_reads_another_branchs_uncommitted_state ... ok
test inserts_and_deletes_on_a_branch_are_also_invisible_until_merge ... ok
test two_decrements_inside_one_task_are_not_collapsed ... ok
test row_authorship_survives_the_merge_that_published_it ... ok
test diff_marks_a_row_the_target_moved_under ... ok
test two_runs_are_attributed_separately_and_interned_once_each ... ok
test two_branches_decrementing_the_same_row_compose_arithmetically ... ok
test revert_merge_halts_on_a_downstream_dependent_then_cascades_on_request ... ok
test row_authorship_survives_a_process_restart_when_provenance_is_durable ... ok

test result: ok. 32 passed; 0 failed; 0 ignored; 0 measured; 0 filtered out; finished in 0.54s

=== target d101_designated_runtime
   Compiling ferrodb v0.1.0 (/Users/idide/wt/ferrodb-d81-land)
    Finished `test` profile [unoptimized + debuginfo] target(s) in 1.40s
     Running tests/d101_designated_runtime.rs (target/debug/deps/d101_designated_runtime-727a68a97db965ea)

running 2 tests
test an_agent_statement_on_an_undesignated_runtime_is_refused ... ok
test a_correct_harness_is_not_refused ... ok

test result: ok. 2 passed; 0 failed; 0 ignored; 0 measured; 0 filtered out; finished in 0.17s

=== target d101_no_server_context
   Compiling ferrodb v0.1.0 (/Users/idide/wt/ferrodb-d81-land)
    Finished `test` profile [unoptimized + debuginfo] target(s) in 1.61s
     Running tests/d101_no_server_context.rs (target/debug/deps/d101_no_server_context-de181ede2d9185c8)

running 1 test
test nothing_is_designated_so_nothing_is_refused ... ok

test result: ok. 1 passed; 0 failed; 0 ignored; 0 measured; 0 filtered out; finished in 0.10s

=== target d124_owner_record_refusal
   Compiling ferrodb v0.1.0 (/Users/idide/wt/ferrodb-d81-land)
    Finished `test` profile [unoptimized + debuginfo] target(s) in 1.40s
     Running tests/d124_owner_record_refusal.rs (target/debug/deps/d124_owner_record_refusal-5e2fdccc71358212)

running 4 tests
test log_catalog_drain_pending_refuses_an_unreadable_owner ... ok
test log_catalog_free_page_refuses_an_unreadable_owner ... ok
test table_catalog_free_page_refuses_an_unreadable_owner ... ok
test table_catalog_drain_pending_refuses_an_unreadable_owner ... ok

test result: ok. 4 passed; 0 failed; 0 ignored; 0 measured; 0 filtered out; finished in 0.08s

=== target d126_atomic_upsert
   Compiling ferrodb v0.1.0 (/Users/idide/wt/ferrodb-d81-land)
    Finished `test` profile [unoptimized + debuginfo] target(s) in 1.44s
     Running tests/d126_atomic_upsert.rs (target/debug/deps/d126_atomic_upsert-afd33fa128f9476a)

running 4 tests
test insert_still_does_not_replace ... ok
test a_growing_rewrite_that_splits_is_still_never_absent ... ok
test a_rewritten_key_is_never_absent_to_a_concurrent_reader ... ok
test the_primary_index_rewrite_is_never_absent_either ... ok

test result: ok. 4 passed; 0 failed; 0 ignored; 0 measured; 0 filtered out; finished in 1.08s

=== target d141_long_identifier
   Compiling ferrodb v0.1.0 (/Users/idide/wt/ferrodb-d81-land)
    Finished `test` profile [unoptimized + debuginfo] target(s) in 1.56s
     Running tests/d141_long_identifier.rs (target/debug/deps/d141_long_identifier-aa2222abb63538df)

running 4 tests
test a_three_hundred_byte_table_name_does_not_corrupt_the_catalog ... ok
test the_longest_expressible_table_name_still_works_from_sql ... ok
test a_refused_create_table_does_not_wedge_the_next_one ... ok
test many_refused_statements_leave_the_database_working ... ok

test result: ok. 4 passed; 0 failed; 0 ignored; 0 measured; 0 filtered out; finished in 0.14s

=== target d15_concurrent_fork_and_reap
   Compiling ferrodb v0.1.0 (/Users/idide/wt/ferrodb-d81-land)
    Finished `test` profile [unoptimized + debuginfo] target(s) in 1.43s
     Running tests/d15_concurrent_fork_and_reap.rs (target/debug/deps/d15_concurrent_fork_and_reap-f616b8a3d4946baa)

running 2 tests
test log_catalog_survives_a_concurrent_reaper ... ok
test table_catalog_survives_a_concurrent_reaper ... ok

test result: ok. 2 passed; 0 failed; 0 ignored; 0 measured; 0 filtered out; finished in 3.65s

=== target d16_transitive_visibility
   Compiling ferrodb v0.1.0 (/Users/idide/wt/ferrodb-d81-land)
    Finished `test` profile [unoptimized + debuginfo] target(s) in 1.44s
     Running tests/d16_transitive_visibility.rs (target/debug/deps/d16_transitive_visibility-1fb58af419bef1e7)

running 2 tests
test log_catalog_keeps_the_grandchild_when_an_interior_node_is_pruned ... ok
test table_catalog_keeps_the_grandchild_when_an_interior_node_is_pruned ... ok

test result: ok. 2 passed; 0 failed; 0 ignored; 0 measured; 0 filtered out; finished in 0.07s

=== target d18_reaper_asks_the_catalog
   Compiling ferrodb v0.1.0 (/Users/idide/wt/ferrodb-d81-land)
    Finished `test` profile [unoptimized + debuginfo] target(s) in 1.48s
     Running tests/d18_reaper_asks_the_catalog.rs (target/debug/deps/d18_reaper_asks_the_catalog-6471ae76bebde910)

running 2 tests
test log_catalog_reap_must_not_free_what_a_live_child_reads ... ok
test table_catalog_reap_must_not_free_what_a_live_child_reads ... ok

test result: ok. 2 passed; 0 failed; 0 ignored; 0 measured; 0 filtered out; finished in 0.05s

=== target d19_leak_is_a_race
   Compiling ferrodb v0.1.0 (/Users/idide/wt/ferrodb-d81-land)
    Finished `test` profile [unoptimized + debuginfo] target(s) in 1.40s
     Running tests/d19_leak_is_a_race.rs (target/debug/deps/d19_leak_is_a_race-10fc0f339fa6471c)

running 1 test
test the_control_that_says_race_or_logic has been running for over 60 seconds
test the_control_that_says_race_or_logic ... ok

test result: ok. 1 passed; 0 failed; 0 ignored; 0 measured; 0 filtered out; finished in 137.67s

=== target d27_fork_shares_without_leaking
   Compiling ferrodb v0.1.0 (/Users/idide/wt/ferrodb-d81-land)
    Finished `test` profile [unoptimized + debuginfo] target(s) in 2.16s
     Running tests/d27_fork_shares_without_leaking.rs (target/debug/deps/d27_fork_shares_without_leaking-93a27c747d4c9c8d)

running 5 tests
test a_parent_schema_edit_after_the_fork_stays_invisible_to_the_child ... ok
test the_instrument_goes_blind_when_the_workspace_it_reads_is_gone ... ok
test siblings_forked_from_one_parent_cannot_see_each_other ... ok
test a_parent_write_after_the_fork_stays_invisible_to_the_child ... ok
test a_read_on_a_deep_child_does_not_consult_its_ancestors ... ok

test result: ok. 5 passed; 0 failed; 0 ignored; 0 measured; 0 filtered out; finished in 1.52s

=== target d33_add_arena_must_be_durable
   Compiling ferrodb v0.1.0 (/Users/idide/wt/ferrodb-d81-land)
    Finished `test` profile [unoptimized + debuginfo] target(s) in 4.37s
     Running tests/d33_add_arena_must_be_durable.rs (target/debug/deps/d33_add_arena_must_be_durable-41f3e506fff8c65a)

running 3 tests
test add_arena_refuses_a_stale_generation ... ok
test log_catalog_add_arena_survives_a_reopen ... ok
test table_catalog_add_arena_survives_a_reopen ... ok

test result: ok. 3 passed; 0 failed; 0 ignored; 0 measured; 0 filtered out; finished in 0.26s

=== target d40_reserved_pages_return_to_baseline
   Compiling ferrodb v0.1.0 (/Users/idide/wt/ferrodb-d81-land)
    Finished `test` profile [unoptimized + debuginfo] target(s) in 1.38s
     Running tests/d40_reserved_pages_return_to_baseline.rs (target/debug/deps/d40_reserved_pages_return_to_baseline-89f3dd1e73d7a053)

running 2 tests
test a_forked_chain_returns_every_reserved_page_without_the_global_scan ... ok
test flat_fanout_returns_every_reserved_page_without_the_global_scan ... ok

test result: ok. 2 passed; 0 failed; 0 ignored; 0 measured; 0 filtered out; finished in 31.23s

=== target d41_narrow_ops_close_the_window
   Compiling ferrodb v0.1.0 (/Users/idide/wt/ferrodb-d81-land)
    Finished `test` profile [unoptimized + debuginfo] target(s) in 1.39s
     Running tests/d41_narrow_ops_close_the_window.rs (target/debug/deps/d41_narrow_ops_close_the_window-cf36684da6956c61)

running 4 tests
test control_a_restriction_with_no_racer_is_applied ... ok
test control_quarantine_with_no_racer_leaves_the_budget_unspent ... ok
test a_row_write_charge_is_not_discarded_by_quarantine ... ok
test a_restriction_may_not_be_widened_by_one_that_raced_it ... ok

test result: ok. 4 passed; 0 failed; 0 ignored; 0 measured; 0 filtered out; finished in 0.00s

=== target d45_log_catalog_rmw
   Compiling ferrodb v0.1.0 (/Users/idide/wt/ferrodb-d81-land)
    Finished `test` profile [unoptimized + debuginfo] target(s) in 1.45s
     Running tests/d45_log_catalog_rmw.rs (target/debug/deps/d45_log_catalog_rmw-b05ae16bf4179c54)

running 3 tests
test the_same_writes_serially_reach_the_same_state ... ok
test a_concurrent_renewal_does_not_discard_a_published_root ... ok
test concurrent_attaches_do_not_drop_children_from_the_parent ... ok

test result: ok. 3 passed; 0 failed; 0 ignored; 0 measured; 0 filtered out; finished in 0.03s

=== target d53_private_root_allowlist
   Compiling ferrodb v0.1.0 (/Users/idide/wt/ferrodb-d81-land)
    Finished `test` profile [unoptimized + debuginfo] target(s) in 1.72s
     Running tests/d53_private_root_allowlist.rs (target/debug/deps/d53_private_root_allowlist-d8a9d394116a5ead)

running 1 test
test every_statement_path_opens_the_shared_root_cell ... ok

test result: ok. 1 passed; 0 failed; 0 ignored; 0 measured; 0 filtered out; finished in 0.05s

=== target d53_shared_root_cell
   Compiling ferrodb v0.1.0 (/Users/idide/wt/ferrodb-d81-land)
    Finished `test` profile [unoptimized + debuginfo] target(s) in 1.59s
     Running tests/d53_shared_root_cell.rs (target/debug/deps/d53_shared_root_cell-9ba00e99d5b11db1)

running 3 tests
test the_catalog_hands_every_statement_the_same_root_cell ... ok
test a_shared_root_cell_lets_the_split_retry_fire ... ok
test a_private_root_cell_makes_the_split_retry_dormant ... ok

test result: ok. 3 passed; 0 failed; 0 ignored; 0 measured; 0 filtered out; finished in 0.08s

=== target d54_as_of_in_session
   Compiling ferrodb v0.1.0 (/Users/idide/wt/ferrodb-d81-land)
    Finished `test` profile [unoptimized + debuginfo] target(s) in 1.92s
     Running tests/d54_as_of_in_session.rs (target/debug/deps/d54_as_of_in_session-2be4703aab3440c0)

running 1 test
test as_of_branch_inside_a_session_reads_the_named_branch_not_the_session_s_own ... ok

test result: ok. 1 passed; 0 failed; 0 ignored; 0 measured; 0 filtered out; finished in 0.08s

=== target d54_reader_writer_handshake
   Compiling ferrodb v0.1.0 (/Users/idide/wt/ferrodb-d81-land)
    Finished `test` profile [unoptimized + debuginfo] target(s) in 1.88s
     Running tests/d54_reader_writer_handshake.rs (target/debug/deps/d54_reader_writer_handshake-3b592b78b664f36c)

running 3 tests
test the_registry_forgets_connections_that_have_gone_away ... ok
test a_reader_stands_down_while_a_writer_holds_the_catalog ... ok
test a_writer_waits_for_an_in_flight_shared_read ... ok

test result: ok. 3 passed; 0 failed; 0 ignored; 0 measured; 0 filtered out; finished in 0.44s

=== target d55_pushdown_commutes
   Compiling ferrodb v0.1.0 (/Users/idide/wt/ferrodb-d81-land)
    Finished `test` profile [unoptimized + debuginfo] target(s) in 2.47s
     Running tests/d55_pushdown_commutes.rs (target/debug/deps/d55_pushdown_commutes-c45ab2751355d977)

running 1 test
test pushdown_agrees_with_filter_afterwards_on_every_overlay_case ... ok

test result: ok. 1 passed; 0 failed; 0 ignored; 0 measured; 0 filtered out; finished in 0.12s

=== target d56_statsless_point_lookup
   Compiling ferrodb v0.1.0 (/Users/idide/wt/ferrodb-d81-land)
    Finished `test` profile [unoptimized + debuginfo] target(s) in 1.80s
     Running tests/d56_statsless_point_lookup.rs (target/debug/deps/d56_statsless_point_lookup-87d43bc9275d16e6)

running 3 tests
test the_plan_change_does_not_change_the_answer ... ok
test primary_key_equality_uses_the_index_with_no_statistics ... ok
test the_fact_is_scoped_to_equality_on_the_unique_column ... ok

test result: ok. 3 passed; 0 failed; 0 ignored; 0 measured; 0 filtered out; finished in 1.98s

=== target d57_overlay_probe
   Compiling ferrodb v0.1.0 (/Users/idide/wt/ferrodb-d81-land)
    Finished `test` profile [unoptimized + debuginfo] target(s) in 1.74s
     Running tests/d57_overlay_probe.rs (target/debug/deps/d57_overlay_probe-4fe8bfa92cded0c5)

running 9 tests
test varchar_primary_key_probes_by_the_hashed_literal ... ok
test a_decimal_key_is_never_probed_because_its_identity_is_finer_than_its_equality ... ok
test point_probe_agrees_with_the_walk_and_with_the_hand_derived_truth ... ok
test point_probe_with_a_second_conjunct_applies_the_whole_predicate_to_the_staged_row ... ok
test a_non_key_predicate_walks_only_this_tables_staged_rows ... ok
test an_off_type_value_staged_in_column_0_is_still_found_by_a_typed_literal ... ok
test a_literal_of_another_type_falls_back_instead_of_missing_the_staged_row ... ok
test a_workspace_that_moved_a_primary_key_is_walked_not_probed ... ok
test bigint_keys_probe_and_an_out_of_range_literal_falls_back ... ok

test result: ok. 9 passed; 0 failed; 0 ignored; 0 measured; 0 filtered out; finished in 0.69s

=== target d58_latch_free_descent
   Compiling ferrodb v0.1.0 (/Users/idide/wt/ferrodb-d81-land)
    Finished `test` profile [unoptimized + debuginfo] target(s) in 1.77s
     Running tests/d58_latch_free_descent.rs (target/debug/deps/d58_latch_free_descent-97a6c740cbc345ac)

running 7 tests
test a_relabelled_frame_never_publishes_the_previous_pages_bytes ... ok
test a_page_whose_header_disagrees_with_its_label_is_not_descended ... ok
test a_stale_frame_hint_is_refused_by_the_label ... ok
test the_right_walk_crosses_an_empty_leaf ... ok
test a_root_snapshot_from_before_the_splits_still_finds_every_key ... ok
test an_optimistic_read_never_returns_a_torn_page ... ok
test readers_racing_inserters_and_eviction_never_see_a_wrong_value ... ok

test result: ok. 7 passed; 0 failed; 0 ignored; 0 measured; 0 filtered out; finished in 32.78s

=== target d59_snapshot_cache
   Compiling ferrodb v0.1.0 (/Users/idide/wt/ferrodb-d81-land)
    Finished `test` profile [unoptimized + debuginfo] target(s) in 1.63s
     Running tests/d59_snapshot_cache.rs (target/debug/deps/d59_snapshot_cache-a750662366179024)

running 9 tests
test raising_the_id_watermark_invalidates_a_cached_snapshot ... ok
test an_abort_also_moves_the_version ... ok
test a_transaction_that_begins_is_in_the_next_cached_snapshot ... ok
test a_transaction_that_commits_leaves_the_next_cached_snapshot ... ok
test recovery_moves_the_version_for_a_thread_that_already_cached_a_snapshot ... ok
test a_cached_snapshot_matches_the_locked_one_in_high_water_too ... ok
test two_managers_on_one_thread_do_not_share_a_cached_snapshot ... ok
test a_watermark_raise_waits_for_the_table_lock ... ok
test a_cached_snapshot_equals_the_locked_one_when_the_version_did_not_move ... ok

test result: ok. 9 passed; 0 failed; 0 ignored; 0 measured; 0 filtered out; finished in 1.61s

=== target d60_depth_is_not_capped
   Compiling ferrodb v0.1.0 (/Users/idide/wt/ferrodb-d81-land)
    Finished `test` profile [unoptimized + debuginfo] target(s) in 1.58s
     Running tests/d60_depth_is_not_capped.rs (target/debug/deps/d60_depth_is_not_capped-9dff8d4ad9bec11d)

running 5 tests
test a_core_record_written_with_a_one_byte_depth_still_loads ... ok
test a_full_record_written_before_the_depth_widened_still_decodes ... ok
test a_chain_far_past_the_old_cap_forks_and_still_reads_what_the_root_wrote ... ok
test reclamation_walks_a_long_reaped_chain_without_recursing_per_level ... ok
test the_reaper_cascades_up_a_deep_chain_of_reaped_ancestors ... ok

test result: ok. 5 passed; 0 failed; 0 ignored; 0 measured; 0 filtered out; finished in 55.67s

=== target d64_expression_depth
   Compiling ferrodb v0.1.0 (/Users/idide/wt/ferrodb-d81-land)
    Finished `test` profile [unoptimized + debuginfo] target(s) in 1.88s
     Running tests/d64_expression_depth.rs (target/debug/deps/d64_expression_depth-e3f66ecc0cfe544d)

running 9 tests
test an_ordinary_join_list_still_parses ... ok
test a_long_operator_chain_is_not_bounded_by_the_frame_limit ... ok
test nesting_cannot_renew_the_chain_budget ... ok
test a_shape_just_under_the_limit_parses_and_produces_a_real_statement ... ok
test one_level_past_the_limit_is_refused_and_the_message_names_the_limit ... ok
test exactly_the_tree_budget_in_zero_cost_joins_still_parses ... ok
test a_join_list_longer_than_the_tree_budget_is_refused ... ok
test neither_counter_leaks_across_statements_in_a_batch ... ok
test depths_that_used_to_abort_the_process_are_now_errors ... ok

test result: ok. 9 passed; 0 failed; 0 ignored; 0 measured; 0 filtered out; finished in 0.04s

=== target d66_join_relation_bitmask
   Compiling ferrodb v0.1.0 (/Users/idide/wt/ferrodb-d81-land)
    Finished `test` profile [unoptimized + debuginfo] target(s) in 1.82s
     Running tests/d66_join_relation_bitmask.rs (target/debug/deps/d66_join_relation_bitmask-a3de4413c30bfef8)

running 3 tests
test relation_thirty_two_does_not_alias_onto_relation_zero ... ok
test a_join_at_the_relation_limit_still_plans ... ok
test more_relations_than_the_mask_can_hold_is_refused_by_name ... ok

test result: ok. 3 passed; 0 failed; 0 ignored; 0 measured; 0 filtered out; finished in 3.51s

=== target d69_key_types
   Compiling ferrodb v0.1.0 (/Users/idide/wt/ferrodb-d81-land)
    Finished `test` profile [unoptimized + debuginfo] target(s) in 1.65s
     Running tests/d69_key_types.rs (target/debug/deps/d69_key_types-ddf516e1b9e4009d)

running 19 tests
test a_duplicate_decimal_key_is_refused_in_a_branch ... ok
test a_bigint_primary_key_round_trips ... ok
test a_duplicate_bigint_key_is_refused_in_a_branch ... ok
test a_duplicate_float_key_is_refused_in_a_branch ... ok
test a_merge_on_a_bigint_keyed_table_finds_its_base_row ... ok
test a_merge_on_a_decimal_keyed_table_finds_its_base_row ... ok
test a_duplicate_varchar_key_is_refused_in_a_branch ... ok
test a_negative_integer_primary_key_round_trips ... ok
test a_distinct_key_is_still_admitted_in_a_branch ... ok
test a_merge_on_a_float_keyed_table_finds_its_base_row ... ok
test a_stale_merge_is_refused_for_a_bigint_key ... ok
test a_stale_merge_is_refused_for_a_varchar_key ... ok
test a_stale_merge_is_refused_for_a_float_key ... ok
test a_merge_on_a_negative_integer_keyed_table_finds_its_base_row ... ok
test a_stale_merge_is_refused_for_a_decimal_key ... ok
test a_merge_on_a_varchar_keyed_table_finds_its_base_row ... ok
test a_merge_on_a_boolean_keyed_table_finds_its_base_row ... ok
test a_varchar_primary_key_round_trips_through_the_lookup ... ok
test a_varchar_key_with_awkward_content_round_trips ... ok

test result: ok. 19 passed; 0 failed; 0 ignored; 0 measured; 0 filtered out; finished in 0.26s

=== target d69_table_version
   Compiling ferrodb v0.1.0 (/Users/idide/wt/ferrodb-d81-land)
    Finished `test` profile [unoptimized + debuginfo] target(s) in 2.05s
     Running tests/d69_table_version.rs (target/debug/deps/d69_table_version-f8f0f21b4fa0af26)

running 4 tests
test the_counter_key_is_the_same_hash_the_merge_path_uses ... ok
test plain_dml_outside_any_agent_session_moves_the_counter ... ok
test tables_do_not_share_a_counter ... ok
test the_counter_never_goes_backwards ... ok

test result: ok. 4 passed; 0 failed; 0 ignored; 0 measured; 0 filtered out; finished in 0.18s

=== target guard_precondition_probe
   Compiling ferrodb v0.1.0 (/Users/idide/wt/ferrodb-d81-land)
    Finished `test` profile [unoptimized + debuginfo] target(s) in 4.66s
     Running tests/guard_precondition_probe.rs (target/debug/deps/guard_precondition_probe-4ef9bb6f64891efb)

running 5 tests
test both_engines_conflict_on_post_state_so_correctness_lives_in_the_caller ... ok
test a_solo_merge_that_lands_on_the_bound_is_not_a_conflict ... ok
test a_genuinely_violated_precondition_is_still_rejected ... ok
test a_guarded_delete_merges_solo ... ok
test a_floor_guard_does_not_protect_the_floor_and_the_counter_goes_negative ... ok

test result: ok. 5 passed; 0 failed; 0 ignored; 0 measured; 0 filtered out; finished in 0.12s

=== target integration_alter_column
   Compiling ferrodb v0.1.0 (/Users/idide/wt/ferrodb-d81-land)
    Finished `test` profile [unoptimized + debuginfo] target(s) in 1.82s
     Running tests/integration_alter_column.rs (target/debug/deps/integration_alter_column-19d5bafdeeed6834)

running 29 tests
test an_alter_is_refused_while_any_transaction_is_open ... ok
test a_branchs_schema_change_is_invisible_until_it_merges ... ok
test decoding_a_range_twice_gives_the_same_answer_across_an_alter ... ok
test a_branch_whose_only_statement_is_an_alter_still_merges_against_its_fork_point ... ok
test a_merge_report_names_the_shape_it_produced ... ok
test a_pump_after_an_alter_does_not_silently_truncate_the_row ... ok
test a_column_an_agent_added_reaches_the_feed ... ok
test crossing_the_null_bitmap_boundary_keeps_every_value ... ok
test deleted_rows_stay_deleted_across_a_rewrite ... ok
test a_row_written_before_a_sibling_widened_the_table_still_publishes ... ok
test a_column_added_mid_stream_survives_a_pump_boundary ... ok
test renaming_an_indexed_column_leaves_the_table_queryable ... ok
test retyping_a_middle_column_does_not_disturb_its_neighbours ... ok
test rows_written_before_the_column_are_still_readable_after_it ... ok
test the_feed_carries_the_column_change_in_log_order ... ok
test the_refusals_refuse_and_the_permitted_cases_are_permitted ... ok
test two_branches_retyping_one_column_conflict_with_the_predicate ... ok
test two_branches_making_the_same_change_do_not_conflict ... ok
test two_branches_adding_different_columns_compose ... ok
test the_altered_shape_survives_a_truncation_and_a_reopen ... ok
test three_branches_forked_at_three_different_shapes_all_compose ... ok
test history_learned_from_one_log_is_not_applied_to_another ... ok
test a_column_name_needing_escaping_survives_the_whole_pipeline ... ok
test a_column_added_mid_stream_reaches_the_destination ... ok
test a_rename_and_a_retype_reach_the_destination_without_losing_data ... ok
test a_lookup_by_key_still_finds_a_row_the_rewrite_moved ... ok
test a_secondary_index_over_a_retyped_column_still_answers ... ok
test statistics_survive_an_alteration_exactly ... ok
test the_decoders_history_does_not_grow_with_every_checkpoint ... ok

test result: ok. 29 passed; 0 failed; 0 ignored; 0 measured; 0 filtered out; finished in 2.95s

=== target integration_alter_refusal_paths
   Compiling ferrodb v0.1.0 (/Users/idide/wt/ferrodb-d81-land)
    Finished `test` profile [unoptimized + debuginfo] target(s) in 1.75s
     Running tests/integration_alter_refusal_paths.rs (target/debug/deps/integration_alter_refusal_paths-58a897f4b4bc3fb2)

running 9 tests
test a_refused_merge_leaves_a_branch_that_does_not_double_apply_on_retry ... ok
test the_half_applied_rename_is_on_disk_not_just_in_memory ... ok
test a_merge_refused_for_size_still_publishes_the_branch_rows ... ok
test a_merge_refused_on_the_second_edit_does_not_leave_the_first_applied ... ok
test a_retry_that_reports_ok_must_have_applied_the_staged_retype ... ok
test the_retry_after_a_refused_merge_does_not_report_success_while_dropping_the_edit ... ok
test control_the_same_merge_lands_when_the_rows_leave_room ... ok
test a_second_branch_refused_leaves_the_first_branchs_merge_intact ... ok
test a_merge_refused_on_the_second_edit_does_not_leave_the_heap_rewritten ... ok

test result: ok. 9 passed; 0 failed; 0 ignored; 0 measured; 0 filtered out; finished in 1.29s

=== target integration_alter_refusal_safety
   Compiling ferrodb v0.1.0 (/Users/idide/wt/ferrodb-d81-land)
    Finished `test` profile [unoptimized + debuginfo] target(s) in 1.88s
     Running tests/integration_alter_refusal_safety.rs (target/debug/deps/integration_alter_refusal_safety-9dc38a5d5b1b844b)

running 16 tests
test max_tuple_size_is_the_boundary_page_insert_actually_enforces ... ok
test an_unlogged_update_that_cannot_obtain_a_page_refuses_instead_of_deleting_the_row ... ok
test an_unlogged_update_too_large_for_any_page_refuses_instead_of_deleting_the_row ... ok
test a_refused_alter_survives_a_crash_with_no_clean_flush ... ok
test a_refused_alter_survives_a_checkpoint_a_flush_and_a_fresh_buffer_pool ... ok
test repeated_refusals_leave_the_table_unchanged_and_the_statement_still_works ... ok
test a_lone_schema_edit_refused_at_merge_leaves_the_target_exactly_as_it_was ... ok
test a_refused_alter_converts_nothing_when_the_allocator_dies_part_way ... ok
test an_ordinary_wide_row_is_not_destroyed_by_a_refused_add_column ... ok
test a_refused_retype_leaves_every_row_byte_identical ... ok
test a_refused_alter_changes_nothing_when_the_page_allocator_is_exhausted ... ok
test the_precheck_does_not_refuse_a_row_that_fits ... ok
test a_refused_retype_does_not_leave_a_readable_wrong_answer ... ok
test a_refused_add_column_leaves_every_row_byte_identical ... ok
test a_refusal_after_a_partial_reservation_leaves_only_empty_pages ... ok
test an_alter_that_must_reserve_many_pages_completes_and_keeps_every_row ... ok

test result: ok. 16 passed; 0 failed; 0 ignored; 0 measured; 0 filtered out; finished in 2.05s

=== target integration_arena_exclusivity
   Compiling ferrodb v0.1.0 (/Users/idide/wt/ferrodb-d81-land)
    Finished `test` profile [unoptimized + debuginfo] target(s) in 1.58s
     Running tests/integration_arena_exclusivity.rs (target/debug/deps/integration_arena_exclusivity-0beae8489274366d)

running 5 tests
test an_unreserved_database_allocates_exactly_as_before ... ok
test an_arena_page_cannot_be_freed_through_the_bitmap ... ok
test the_bitmap_allocator_refuses_rather_than_crossing_the_floor ... ok
test a_second_lower_arena_region_is_refused ... ok
test the_legacy_allocator_never_hands_out_a_page_inside_an_arena_extent ... ok

test result: ok. 5 passed; 0 failed; 0 ignored; 0 measured; 0 filtered out; finished in 0.01s

=== target integration_base_backup
   Compiling ferrodb v0.1.0 (/Users/idide/wt/ferrodb-d81-land)
    Finished `test` profile [unoptimized + debuginfo] target(s) in 1.71s
     Running tests/integration_base_backup.rs (target/debug/deps/integration_base_backup-e4e3036783fb0fb0)

running 5 tests
test the_base_backup_carries_pages_the_wal_never_describes ... ok
test synchronous_commit_waits_for_a_replica_and_says_so_when_there_is_none ... ok
test a_backup_taken_while_the_primary_is_writing_still_converges ... ok
test a_replica_restored_from_a_base_backup_converges_past_a_checkpoint ... ok
test a_replica_killed_mid_stream_resumes_from_its_own_lsn_and_converges ... ok

test result: ok. 5 passed; 0 failed; 0 ignored; 0 measured; 0 filtered out; finished in 21.93s

=== target integration_blind_writes
   Compiling ferrodb v0.1.0 (/Users/idide/wt/ferrodb-d81-land)
    Finished `test` profile [unoptimized + debuginfo] target(s) in 1.90s
     Running tests/integration_blind_writes.rs (target/debug/deps/integration_blind_writes-fc7f6d206a0de6ff)

running 5 tests
test a_row_written_without_being_read_is_reported_blind ... ok
test a_session_that_read_and_wrote_nothing_blind_reports_an_empty_set ... ok
test a_row_read_before_being_written_is_not_blind ... ok
test only_the_unread_row_is_reported_when_a_session_does_both ... ok
test the_merge_report_carries_the_blind_write_set ... ok

test result: ok. 5 passed; 0 failed; 0 ignored; 0 measured; 0 filtered out; finished in 0.16s

=== target integration_branch_attestation
   Compiling ferrodb v0.1.0 (/Users/idide/wt/ferrodb-d81-land)
warning: variable does not need to be mutable
   --> tests/integration_branch_attestation.rs:548:9
    |
548 |     let mut run_sql = |sql: &str, s: &mut Session, catalog: &mut Catalog| {
    |         ----^^^^^^^
    |         |
    |         help: remove this `mut`
    |
    = note: `#[warn(unused_mut)]` (part of `#[warn(unused)]`) on by default

warning: `ferrodb` (test "integration_branch_attestation") generated 1 warning (run `cargo fix --test "integration_branch_attestation" -p ferrodb` to apply 1 suggestion)
    Finished `test` profile [unoptimized + debuginfo] target(s) in 1.60s
     Running tests/integration_branch_attestation.rs (target/debug/deps/integration_branch_attestation-70b4c2161ab68568)

running 8 tests
test a_childs_chain_walks_into_the_parent_it_forked_from ... ok
test altering_one_entry_breaks_the_chain ... ok
test a_reap_through_an_attached_reaper_is_attested_too ... ok
test a_fork_a_merge_and_a_reap_each_leave_an_attested_entry ... ok
test the_merge_entry_commits_to_the_rows_it_published ... ok
test a_published_head_catches_a_rewrite_that_the_chain_walk_accepts ... ok
test an_auditor_can_check_every_entry_against_a_published_head ... ok
test attesting_a_fork_does_not_read_the_tree ... ok

test result: ok. 8 passed; 0 failed; 0 ignored; 0 measured; 0 filtered out; finished in 0.40s

=== target integration_branch_pages
   Compiling ferrodb v0.1.0 (/Users/idide/wt/ferrodb-d81-land)
    Finished `test` profile [unoptimized + debuginfo] target(s) in 1.43s
     Running tests/integration_branch_pages.rs (target/debug/deps/integration_branch_pages-bd6604da2e43823a)

running 10 tests
test wide_typed_cells_survive_a_round_trip_through_a_branchs_pages ... ok
test an_untouched_session_has_an_empty_page_changeset ... ok
test a_staged_delete_appears_in_the_page_changeset_as_a_removal ... ok
test the_page_diff_has_no_fork_point_image_yet_because_base_rows_are_not_on_the_tree ... ok
test one_branchs_staged_pages_are_unreachable_from_trunk_and_from_a_sibling ... ok
test a_staged_delete_removes_the_row_from_the_branch_tree ... ok
test the_branch_tree_and_the_workspace_map_agree_on_every_staged_row ... ok
test a_staged_row_exists_as_a_page_on_the_branch_tree ... ok
test staging_allocates_pages_and_an_untouched_branch_allocates_none ... ok
test the_page_derived_changeset_agrees_with_the_map_derived_one ... ok

test result: ok. 10 passed; 0 failed; 0 ignored; 0 measured; 0 filtered out; finished in 0.15s

=== target integration_btree_concurrency
   Compiling ferrodb v0.1.0 (/Users/idide/wt/ferrodb-d81-land)
    Finished `test` profile [unoptimized + debuginfo] target(s) in 1.54s
     Running tests/integration_btree_concurrency.rs (target/debug/deps/integration_btree_concurrency-da75aeaefb6a6221)

running 4 tests
test btree_concurrent_1_thread ... ok
test btree_concurrent_8_threads ... ok
test btree_concurrent_16_threads ... ok
test btree_concurrent_32_threads ... ok

test result: ok. 4 passed; 0 failed; 0 ignored; 0 measured; 0 filtered out; finished in 1.86s

=== target integration_buffer_pool_concurrency
   Compiling ferrodb v0.1.0 (/Users/idide/wt/ferrodb-d81-land)
    Finished `test` profile [unoptimized + debuginfo] target(s) in 1.65s
     Running tests/integration_buffer_pool_concurrency.rs (target/debug/deps/integration_buffer_pool_concurrency-a65f77f2eadc4ef7)

running 9 tests
test reading_a_page_that_does_not_exist_twice_errors_twice_instead_of_panicking ... ok
test concurrent_fetches_never_return_another_pages_bytes ... ok
test every_page_reads_back_its_own_stamp_single_threaded ... ok
test the_page_table_never_maps_two_pages_to_one_frame ... ok
test every_frame_agrees_with_the_page_table_about_which_page_it_holds ... ok
test concurrent_fetches_of_one_cold_page_read_it_once_into_one_frame ... ok
test an_oversubscribed_pool_never_hands_back_a_relabelled_frame ... ok
test a_fetch_never_returns_a_frame_labelled_with_a_different_page ... ok
test a_pinned_page_is_never_evicted_however_hard_the_pool_churns ... ok

test result: ok. 9 passed; 0 failed; 0 ignored; 0 measured; 0 filtered out; finished in 0.53s

=== target integration_buffer_pool_latch
   Compiling ferrodb v0.1.0 (/Users/idide/wt/ferrodb-d81-land)
    Finished `test` profile [unoptimized + debuginfo] target(s) in 1.63s
     Running tests/integration_buffer_pool_latch.rs (target/debug/deps/integration_buffer_pool_latch-5450b2d5b6672dfb)

running 8 tests
test a_failed_load_does_not_strand_the_page_in_transit ... ok
test a_stale_page_table_entry_never_yields_another_pages_frame ... ok
test invalidate_all_refuses_while_a_fault_is_in_flight ... ok
test invalidate_all_refuses_while_a_write_back_is_in_flight ... ok
test a_declined_eviction_leaves_the_victim_tracked_as_resident ... ok
test the_victim_stays_reachable_until_its_write_back_lands ... ok
test every_resident_page_is_still_tracked_by_the_replacement_policy ... ok
test a_dirty_victim_is_on_disk_before_it_stops_being_resident ... ok

test result: ok. 8 passed; 0 failed; 0 ignored; 0 measured; 0 filtered out; finished in 0.28s

=== target integration_buffer_pool_mirror
   Compiling ferrodb v0.1.0 (/Users/idide/wt/ferrodb-d81-land)
    Finished `test` profile [unoptimized + debuginfo] target(s) in 1.53s
     Running tests/integration_buffer_pool_mirror.rs (target/debug/deps/integration_buffer_pool_mirror-f9eea39f0f22c450)

running 7 tests
test unpin_never_touches_a_frame_that_does_not_hold_the_page ... ok
test delete_and_free_take_the_mirror_entry_with_them ... ok
test invalidate_all_empties_the_mirror ... ok
test a_page_that_is_evicted_and_refetched_resolves_to_its_new_frame ... ok
test the_mirror_agrees_with_the_page_table_after_an_eviction_storm ... ok
test concurrent_fetches_never_resolve_to_the_wrong_frame_through_the_mirror ... ok
test two_pages_sharing_a_mirror_slot_are_both_served_correctly ... ok

test result: ok. 7 passed; 0 failed; 0 ignored; 0 measured; 0 filtered out; finished in 0.38s

=== target integration_buffer_pool_touch_batching
   Compiling ferrodb v0.1.0 (/Users/idide/wt/ferrodb-d81-land)
    Finished `test` profile [unoptimized + debuginfo] target(s) in 1.40s
     Running tests/integration_buffer_pool_touch_batching.rs (target/debug/deps/integration_buffer_pool_touch_batching-cf0e15baf2ab55aa)

running 6 tests
test acquiring_the_policy_applies_every_pending_hit_first ... ok
test a_cache_hit_defers_its_policy_update_instead_of_taking_the_lock ... ok
test a_full_batch_is_applied_rather_than_dropped ... ok
test draining_twice_does_not_replay_the_same_updates ... ok
test the_policy_still_tracks_exactly_the_resident_set_with_a_backlog_outstanding ... ok
test concurrent_hits_lose_no_policy_updates ... ok

test result: ok. 6 passed; 0 failed; 0 ignored; 0 measured; 0 filtered out; finished in 0.03s

=== target integration_capability_envelope
   Compiling ferrodb v0.1.0 (/Users/idide/wt/ferrodb-d81-land)
    Finished `test` profile [unoptimized + debuginfo] target(s) in 1.57s
     Running tests/integration_capability_envelope.rs (target/debug/deps/integration_capability_envelope-74831fd8f4bf4f23)

running 23 tests
test a_forbidden_table_is_refused_even_when_the_statement_matches_no_row ... ok
test budget_already_spent_is_not_handed_back_by_a_restart ... ok
test an_agent_session_inherits_the_envelope_of_the_branch_it_forked_from ... ok
test installing_an_envelope_does_not_reach_a_session_that_is_already_open ... ok
test a_statement_refused_by_escrow_spends_no_envelope_budget ... ok
test a_write_that_changes_nothing_costs_no_budget ... ok
test an_ungoverned_branch_writes_exactly_as_before ... ok
test a_branch_cannot_widen_its_own_envelope ... ok
test a_branch_being_reaped_cannot_write_even_with_its_workspace_intact ... ok
test the_envelope_reads_one_funnel_while_three_reach_branch_state ... ok
test an_envelope_survives_closing_and_reopening_the_database ... ok
test an_envelope_survives_a_restart_of_the_branch_metadata_layer ... ok
test an_assignment_that_lowers_a_bounded_value_is_refused_not_just_a_decrement ... ok
test an_insert_cannot_write_a_column_the_branch_was_never_granted ... ok
test a_table_off_the_allowlist_is_refused_and_one_on_it_still_writes ... ok
test a_verb_off_the_allowlist_is_refused_and_one_on_it_still_writes ... ok
test branch_scoped_alter_table_reaches_a_forbidden_table_and_this_is_a_known_gap ... ok
test a_statement_that_overruns_the_row_budget_is_refused_whole ... ok
test dropping_and_recreating_a_granted_table_repoints_the_grant_at_different_columns ... ok
test the_envelope_governs_agent_session_writes_only ... ok
test no_ddl_verb_is_governed_by_the_envelope_and_this_is_a_known_gap ... ok
test merge_and_revert_rewrite_a_forbidden_tables_rows_and_this_is_a_known_gap ... ok
test the_substitution_strips_a_column_floor_and_unlocks_a_refused_delete ... ok

test result: ok. 23 passed; 0 failed; 0 ignored; 0 measured; 0 filtered out; finished in 1.04s

=== target integration_cdc_cutover_concurrent
   Compiling ferrodb v0.1.0 (/Users/idide/wt/ferrodb-d81-land)
    Finished `test` profile [unoptimized + debuginfo] target(s) in 1.56s
     Running tests/integration_cdc_cutover_concurrent.rs (target/debug/deps/integration_cdc_cutover_concurrent-65e3ef0f96b65b17)

running 1 test
test every_committed_row_arrives_exactly_once_with_writers_running_throughout ... ok

test result: ok. 1 passed; 0 failed; 0 ignored; 0 measured; 0 filtered out; finished in 0.12s

=== target integration_cdc_cutover
   Compiling ferrodb v0.1.0 (/Users/idide/wt/ferrodb-d81-land)
    Finished `test` profile [unoptimized + debuginfo] target(s) in 1.56s
     Running tests/integration_cdc_cutover.rs (target/debug/deps/integration_cdc_cutover-295426561ec9f84a)

running 4 tests
test a_one_table_boundary_does_not_suppress_another_tables_rows ... ok
test snapshot_and_stream_deliver_every_row_exactly_once ... ok
test the_at_least_once_handoff_both_duplicates_and_drops_in_this_scenario ... ok
test one_reader_snapshots_two_tables_against_a_single_boundary ... ok

test result: ok. 4 passed; 0 failed; 0 ignored; 0 measured; 0 filtered out; finished in 0.28s

=== target integration_cdc_ddl
   Compiling ferrodb v0.1.0 (/Users/idide/wt/ferrodb-d81-land)
    Finished `test` profile [unoptimized + debuginfo] target(s) in 1.46s
     Running tests/integration_cdc_ddl.rs (target/debug/deps/integration_cdc_ddl-aded78f2637f85fb)

running 4 tests
test create_table_reaches_the_feed_as_a_schema_event ... ok
test a_decoder_with_no_catalog_learns_the_table_from_the_log ... ok
test a_blank_decoder_keeps_two_tables_apart ... ok
test the_schema_survives_an_automatic_checkpoint ... ok

test result: ok. 4 passed; 0 failed; 0 ignored; 0 measured; 0 filtered out; finished in 1.19s

=== target integration_cdc_diff
   Compiling ferrodb v0.1.0 (/Users/idide/wt/ferrodb-d81-land)
    Finished `test` profile [unoptimized + debuginfo] target(s) in 1.49s
     Running tests/integration_cdc_diff.rs (target/debug/deps/integration_cdc_diff-936f6dba5c4d4d0d)

running 5 tests
test every_row_of_a_multi_row_commit_reaches_the_destination ... ok
test table_dump_refuses_an_unknown_table_and_a_missing_database ... ok
test the_table_rebuilt_from_the_feed_matches_the_source_database ... ok
test the_diff_refuses_when_there_is_nothing_to_compare ... ok
test the_diff_catches_a_wrong_value_an_extra_row_and_a_missing_row ... ok

test result: ok. 5 passed; 0 failed; 0 ignored; 0 measured; 0 filtered out; finished in 1.31s

=== target integration_cdc_drop_table
   Compiling ferrodb v0.1.0 (/Users/idide/wt/ferrodb-d81-land)
    Finished `test` profile [unoptimized + debuginfo] target(s) in 1.55s
     Running tests/integration_cdc_drop_table.rs (target/debug/deps/integration_cdc_drop_table-f94fc4bbf90a9ee3)

running 4 tests
test a_drop_truncates_like_any_checkpoint_and_says_so ... ok
test dropping_a_table_emits_a_drop_table_event ... ok
test a_checkpoint_after_a_drop_does_not_redeclare_the_dropped_table ... ok
test the_sink_drops_the_destination_table ... ok

test result: ok. 4 passed; 0 failed; 0 ignored; 0 measured; 0 filtered out; finished in 0.35s

=== target integration_cdc_duckdb_sink
   Compiling ferrodb v0.1.0 (/Users/idide/wt/ferrodb-d81-land)
    Finished `test` profile [unoptimized + debuginfo] target(s) in 1.56s
     Running tests/integration_cdc_duckdb_sink.rs (target/debug/deps/integration_cdc_duckdb_sink-fab2c49339801171)

running 5 tests
test the_destination_ddl_comes_from_the_create_table_event ... ok
test replaying_the_whole_feed_changes_nothing ... ok
test the_feed_lands_in_duckdb_matching_the_source ... ok
test a_stale_event_arriving_after_a_newer_one_is_rejected ... ok
test both_readers_agree ... ok

test result: ok. 5 passed; 0 failed; 0 ignored; 0 measured; 0 filtered out; finished in 0.88s

=== target integration_cdc_feed
   Compiling ferrodb v0.1.0 (/Users/idide/wt/ferrodb-d81-land)
    Finished `test` profile [unoptimized + debuginfo] target(s) in 1.53s
     Running tests/integration_cdc_feed.rs (target/debug/deps/integration_cdc_feed-50d294b5d2e1bdf5)

running 2 tests
test a_varchar_full_of_json_metacharacters_survives_the_round_trip ... ok
test a_feed_from_real_sql_is_valid_json_to_an_independent_parser ... ok

test result: ok. 2 passed; 0 failed; 0 ignored; 0 measured; 0 filtered out; finished in 0.18s

=== target integration_cdc_go_consumer
   Compiling ferrodb v0.1.0 (/Users/idide/wt/ferrodb-d81-land)
    Finished `test` profile [unoptimized + debuginfo] target(s) in 1.51s
     Running tests/integration_cdc_go_consumer.rs (target/debug/deps/integration_cdc_go_consumer-cae5769f6365500f)

running 4 tests
test the_server_survives_a_consumer_that_stops_reading_its_stdout ... ok
test a_dead_server_is_reported_as_dead_rather_than_retried ... ok
test an_updated_row_shows_its_latest_value_only ... ok
test a_go_consumer_rebuilds_the_source_table_from_the_feed_alone ... ok

test result: ok. 4 passed; 0 failed; 0 ignored; 0 measured; 0 filtered out; finished in 0.72s

=== target integration_cdc_key_reuse
   Compiling ferrodb v0.1.0 (/Users/idide/wt/ferrodb-d81-land)
    Finished `test` profile [unoptimized + debuginfo] target(s) in 1.54s
     Running tests/integration_cdc_key_reuse.rs (target/debug/deps/integration_cdc_key_reuse-752b445585432f80)

running 5 tests
test the_decoder_emits_a_delete_then_an_insert_for_the_same_key ... ok
test a_reused_key_lands_live_in_the_destination ... ok
test a_stale_delete_arriving_after_the_resurrect_does_not_re_tombstone_the_row ... ok
test replaying_a_feed_that_reuses_a_key_changes_nothing ... ok
test the_delete_tombstones_first_and_the_resurrect_clears_it ... ok

test result: ok. 5 passed; 0 failed; 0 ignored; 0 measured; 0 filtered out; finished in 0.43s

=== target integration_cdc_latency
   Compiling ferrodb v0.1.0 (/Users/idide/wt/ferrodb-d81-land)
    Finished `test` profile [unoptimized + debuginfo] target(s) in 4.47s
     Running tests/integration_cdc_latency.rs (target/debug/deps/integration_cdc_latency-432f98750c4e06cf)

running 2 tests
test the_latency_run_survives_an_automatic_checkpoint_and_reports ... ok
test two_runs_over_the_same_path_measure_the_same_thing ... ok

test result: ok. 2 passed; 0 failed; 0 ignored; 0 measured; 0 filtered out; finished in 3.84s

=== target integration_cdc_publication
   Compiling ferrodb v0.1.0 (/Users/idide/wt/ferrodb-d81-land)
    Finished `test` profile [unoptimized + debuginfo] target(s) in 1.93s
     Running tests/integration_cdc_publication.rs (target/debug/deps/integration_cdc_publication-de6823a0b7600923)

running 5 tests
test two_columns_with_one_name_are_refused_by_the_producer_and_by_the_consumer ... ok
test a_denied_column_appears_in_zero_events_across_a_workload_that_writes_it ... ok
test a_refusal_mid_commit_replays_the_whole_commit_rather_than_skipping_the_refused_row ... ok
test a_misplaced_argument_is_refused_rather_than_silently_disabling_the_policy ... ok
test the_independent_consumer_refuses_a_feed_the_producer_should_not_have_written ... ok

test result: ok. 5 passed; 0 failed; 0 ignored; 0 measured; 0 filtered out; finished in 0.60s

=== target integration_cdc_retract_by_model
   Compiling ferrodb v0.1.0 (/Users/idide/wt/ferrodb-d81-land)
    Finished `test` profile [unoptimized + debuginfo] target(s) in 1.68s
     Running tests/integration_cdc_retract_by_model.rs (target/debug/deps/integration_cdc_retract_by_model-847344b0f0b0f415)

running 3 tests
test the_feed_carries_a_prompt_digest_and_never_the_prompt ... ok
test a_retraction_that_matches_nothing_is_refused_end_to_end ... ok
test retract_by_model_touches_one_model_versions_rows_and_no_others ... ok

test result: ok. 3 passed; 0 failed; 0 ignored; 0 measured; 0 filtered out; finished in 0.75s

=== target integration_cdc_sink
   Compiling ferrodb v0.1.0 (/Users/idide/wt/ferrodb-d81-land)
    Finished `test` profile [unoptimized + debuginfo] target(s) in 1.55s
     Running tests/integration_cdc_sink.rs (target/debug/deps/integration_cdc_sink-9c1452e08ec5c119)

running 3 tests
test the_feed_lands_in_sqlite_matching_the_source ... ok
test replaying_the_whole_feed_changes_nothing ... ok
test a_stale_event_arriving_after_a_newer_one_is_rejected ... ok

test result: ok. 3 passed; 0 failed; 0 ignored; 0 measured; 0 filtered out; finished in 0.36s

=== target integration_cdc_snapshot
   Compiling ferrodb v0.1.0 (/Users/idide/wt/ferrodb-d81-land)
    Finished `test` profile [unoptimized + debuginfo] target(s) in 1.82s
     Running tests/integration_cdc_snapshot.rs (target/debug/deps/integration_cdc_snapshot-0c6535788b666a96)

running 3 tests
test snapshot_values_are_escaped ... ok
test snapshot_rows_carry_their_actual_values ... ok
test a_consumer_that_snapshots_then_streams_sees_every_row_that_ever_existed ... ok

test result: ok. 3 passed; 0 failed; 0 ignored; 0 measured; 0 filtered out; finished in 0.17s

=== target integration_cdc_stream
   Compiling ferrodb v0.1.0 (/Users/idide/wt/ferrodb-d81-land)
    Finished `test` profile [unoptimized + debuginfo] target(s) in 2.44s
     Running tests/integration_cdc_stream.rs (target/debug/deps/integration_cdc_stream-f34be5c1eda1ce55)

running 2 tests
test a_consumer_follows_a_live_database_over_tcp ... ok
test a_consumer_that_disconnects_resumes_without_gap_or_overlap ... ok

test result: ok. 2 passed; 0 failed; 0 ignored; 0 measured; 0 filtered out; finished in 0.49s

=== target integration_cdc_wide_types
   Compiling ferrodb v0.1.0 (/Users/idide/wt/ferrodb-d81-land)
    Finished `test` profile [unoptimized + debuginfo] target(s) in 1.79s
     Running tests/integration_cdc_wide_types.rs (target/debug/deps/integration_cdc_wide_types-fc06165e917070ab)

running 14 tests
test a_literal_that_does_not_fit_its_column_is_refused_not_truncated ... ok
test a_comparison_against_a_float_column_does_not_round_the_literal ... ok
test wide_literals_survive_insert_and_select_exactly ... ok
test the_declared_types_and_their_rows_survive_a_catalog_reload ... ok
test a_whole_numbered_literal_lands_in_a_float_column ... ok
test bigint_arithmetic_works_and_stays_exact ... ok
test timestamp_arithmetic_advances_by_milliseconds ... ok
test a_null_in_a_wide_column_stays_json_null ... ok
test the_same_values_as_bare_json_numbers_are_silently_corrupted ... ok
test a_where_clause_against_a_wide_column_matches_by_value ... ok
test the_feed_ships_wide_types_as_quoted_json_strings ... ok
test the_schema_event_declares_the_wide_types_by_name ... ok
test an_update_to_a_wide_column_ships_both_images_as_strings ... ok
test an_independent_go_consumer_receives_the_wide_columns_as_exact_strings ... ok

test result: ok. 14 passed; 0 failed; 0 ignored; 0 measured; 0 filtered out; finished in 0.33s

=== target integration_checkpoint_pressure
   Compiling ferrodb v0.1.0 (/Users/idide/wt/ferrodb-d81-land)
    Finished `test` profile [unoptimized + debuginfo] target(s) in 1.56s
     Running tests/integration_checkpoint_pressure.rs (target/debug/deps/integration_checkpoint_pressure-8ac8dbf42739f76a)

running 2 tests
test at_the_default_interval_the_workload_cannot_tell_the_two_apart ... ok
test under_constant_truncation_only_a_pinned_consumer_survives ... ok

test result: ok. 2 passed; 0 failed; 0 ignored; 0 measured; 0 filtered out; finished in 1.44s

=== target integration_cherry_pick
   Compiling ferrodb v0.1.0 (/Users/idide/wt/ferrodb-d81-land)
    Finished `test` profile [unoptimized + debuginfo] target(s) in 2.21s
     Running tests/integration_cherry_pick.rs (target/debug/deps/integration_cherry_pick-d4c8b390290d8ee6)

running 6 tests
test a_selector_naming_no_op_is_refused ... ok
test a_pick_spanning_two_tables_is_refused_rather_than_half_applied ... ok
test one_op_of_several_lands_and_the_others_do_not ... ok
test a_pick_whose_cell_the_target_already_moved_is_refused_and_writes_nothing ... ok
test an_empty_selection_is_refused ... ok
test a_commuting_divergence_is_recovered_through_the_by_cell_index ... ok

test result: ok. 6 passed; 0 failed; 0 ignored; 0 measured; 0 filtered out; finished in 0.28s

=== target integration_cli_agent_isolation
   Compiling ferrodb v0.1.0 (/Users/idide/wt/ferrodb-d81-land)
    Finished `test` profile [unoptimized + debuginfo] target(s) in 3.38s
     Running tests/integration_cli_agent_isolation.rs (target/debug/deps/integration_cli_agent_isolation-407874ed1cc90520)

running 6 tests
test a_deleted_arena_checkpoint_is_refused_rather_than_defaulted ... ok
test reopening_reattaches_to_the_existing_arena_and_branch_catalog ... ok
test a_database_already_open_is_refused_to_a_second_process ... ok
test the_binary_allocates_real_pages_above_the_arena_floor ... ok
test a_merged_write_reaches_trunk_and_is_still_there_after_a_restart ... ok
test an_agent_sessions_write_is_invisible_to_trunk_and_survives_a_restart ... ok

test result: ok. 6 passed; 0 failed; 0 ignored; 0 measured; 0 filtered out; finished in 1.20s

=== target integration_cli_effect_log_durability
   Compiling ferrodb v0.1.0 (/Users/idide/wt/ferrodb-d81-land)
    Finished `test` profile [unoptimized + debuginfo] target(s) in 2.40s
     Running tests/integration_cli_effect_log_durability.rs (target/debug/deps/integration_cli_effect_log_durability-bbfef8eb8033c4b1)

running 1 test
test the_shipped_binary_writes_its_effect_frames_to_disk_and_they_outlive_the_process ... ok

test result: ok. 1 passed; 0 failed; 0 ignored; 0 measured; 0 filtered out; finished in 0.65s

=== target integration_cli_row_authorship_durability
   Compiling ferrodb v0.1.0 (/Users/idide/wt/ferrodb-d81-land)
    Finished `test` profile [unoptimized + debuginfo] target(s) in 1.59s
     Running tests/integration_cli_row_authorship_durability.rs (target/debug/deps/integration_cli_row_authorship_durability-e7d5b225a5855114)

running 1 test
test the_shipped_binary_still_names_the_agent_that_wrote_a_row_after_a_restart ... ok

test result: ok. 1 passed; 0 failed; 0 ignored; 0 measured; 0 filtered out; finished in 1.25s

=== target integration_cluster_agents
   Compiling ferrodb v0.1.0 (/Users/idide/wt/ferrodb-d81-land)
    Finished `test` profile [unoptimized + debuginfo] target(s) in 3.93s
     Running tests/integration_cluster_agents.rs (target/debug/deps/integration_cluster_agents-3b12af37878b8d8b)

running 35 tests
test a_cluster_branch_id_names_the_node_that_holds_its_rows ... ok
test a_local_branch_id_too_large_for_the_namespace_is_refused_not_truncated ... ok
test a_merge_racing_a_committed_write_to_its_base_is_re_evaluated_not_applied ... ok
test a_merge_whose_base_is_still_the_committed_head_applies ... ok
test a_branch_whose_owner_died_is_named_as_lost_work_and_its_merged_sibling_is_not ... ok
test a_fork_off_a_parent_the_cluster_does_not_hold_is_refused ... ok
test a_merge_for_a_branch_whose_fork_never_committed_is_refused ... ok
test a_fork_whose_child_id_is_already_taken_is_refused_not_overwritten ... ok
test a_merge_that_applied_moves_the_base_for_the_merge_behind_it ... ok
test a_merge_whose_base_round_is_exactly_the_last_base_move_applies ... ok
test a_re_delivered_round_is_a_no_op ... ok
test a_re_evaluated_merge_does_not_itself_move_the_base ... ok
test a_reap_is_a_replicated_decision_and_is_refused_twice ... ok
test heartbeat_rounds_do_not_re_evaluate_a_merge ... ok
test every_node_reaches_the_same_verdict_for_every_merge_command ... ok
test no_two_nodes_disagree_about_whether_a_branch_is_live ... ok
test node_zero_cannot_own_a_branch ... ok
test only_commands_that_can_change_what_the_gate_read_move_the_base ... ok
test the_trunk_is_the_same_branch_on_every_node_and_has_no_owner ... ok
test two_nodes_forking_at_the_same_local_id_get_different_cluster_ids ... ok
test a_reap_goes_through_the_log_and_carries_the_generation ... ok
test a_merge_that_loses_the_leadership_mid_flight_refuses_and_publishes_nothing ... ok
test a_promoted_leader_disposes_of_a_dead_nodes_branches_by_a_replicated_decision ... ok
test a_merge_that_loses_the_leadership_while_waiting_refuses_rather_than_blocking ... ok
test a_merge_the_gate_declines_costs_no_consensus_at_all ... ok
test a_fork_on_a_node_that_does_not_lead_is_refused_and_creates_nothing ... ok
test a_merge_whose_base_never_stops_moving_is_refused_with_the_round_that_moved ... ok
test a_merge_whose_fork_the_cluster_refused_says_so_rather_than_timing_out ... ok
test a_node_cannot_sweep_its_own_branches_as_orphans ... ok
test a_merge_racing_a_committed_change_to_its_base_is_re_evaluated_rather_than_silently_applied ... ok
test a_fork_and_a_hundred_writes_cost_no_quorum_round_trip_and_the_merge_costs_one ... ok
test on_a_real_cluster_a_fork_on_a_follower_is_refused_and_names_the_leader ... ok
test a_followers_committed_log_holds_the_merge_and_not_one_agent_row ... ok
test on_three_real_nodes_only_the_merge_reaches_a_quorum ... ok
test a_hundred_agent_writes_across_three_branches_leave_only_forks_and_merges_in_the_log ... ok

test result: ok. 35 passed; 0 failed; 0 ignored; 0 measured; 0 filtered out; finished in 2.12s

=== target integration_cluster_grants
   Compiling ferrodb v0.1.0 (/Users/idide/wt/ferrodb-d81-land)
    Finished `test` profile [unoptimized + debuginfo] target(s) in 1.73s
     Running tests/integration_cluster_grants.rs (target/debug/deps/integration_cluster_grants-67065c5a27dc5eca)

running 35 tests
test a_lease_tick_never_moves_the_clusters_clock_backwards ... ok
test a_node_with_no_cluster_configured_grants_itself_everything ... ok
test a_node_with_no_cluster_configured_reads_its_own_wall_clock_for_leases ... ok
test a_node_with_no_cluster_configured_still_begins_transactions ... ok
test a_member_with_no_lease_tick_refuses_to_answer_what_time_it_is ... ok
test a_standalone_node_reaps_on_its_own_clock_exactly_as_before ... ok
test a_member_with_no_extent_grant_refuses_to_allocate_an_arena ... ok
test a_member_allocates_from_its_grant_and_refuses_again_when_it_runs_out ... ok
test a_restart_replays_its_grant_and_resumes_above_every_page_it_already_issued ... ok
test a_redelivered_grant_does_not_hand_out_the_same_extent_twice ... ok
test a_recycled_extent_start_from_a_previous_authority_is_not_handed_out_again ... ok
test a_recycled_page_inside_a_stale_extent_is_not_handed_out_after_a_join ... ok
test a_member_with_no_txn_grant_refuses_to_begin_a_transaction ... ok
test a_replicated_checkpoint_command_is_what_truncates_on_a_member ... ok
test a_standalone_node_refuses_a_lease_tick ... ok
test a_standalone_node_refuses_a_grant_it_was_never_supposed_to_get ... ok
test a_member_begins_transactions_from_its_granted_range_and_no_further ... ok
test a_cluster_member_does_not_truncate_its_wal_on_its_own_commit_counter ... ok
test a_grant_addressed_to_another_node_is_refused_by_this_one ... ok
test a_standalone_node_still_checkpoints_on_its_own_commit_counter ... ok
test is_expired_now_refuses_rather_than_answering_false_on_a_member_with_no_tick ... ok
test an_arena_grant_always_carries_more_ids_than_the_extents_it_can_name ... ok
test an_authority_change_is_noticed_by_the_counters_and_not_merely_survived ... ok
test a_granted_extent_is_filled_without_any_further_consensus ... ok
test the_checkpoint_image_is_byte_identical_to_what_a_node_local_counter_wrote ... ok
test the_infallible_lease_clock_aborts_rather_than_inventing_a_time - should panic ... ok
test the_reaper_trait_is_the_path_under_test ... ok
test two_nodes_at_the_same_tick_agree_about_whether_a_branch_is_live ... ok
test space_a_node_self_granted_while_standalone_is_revoked_when_it_joins ... ok
test an_extent_claimed_under_a_superseded_authority_is_not_filled_afterwards ... ok
test the_three_appliers_take_exactly_the_frozen_commands_shape ... ok
test a_replicated_tick_and_not_the_wall_clock_decides_a_reap ... ok
test recovery_raises_the_transaction_watermark_without_inventing_a_grant ... ok
test two_nodes_with_disjoint_grants_never_hand_out_the_same_physical_page ... ok
test two_nodes_with_disjoint_grants_never_issue_the_same_transaction_id ... ok

test result: ok. 35 passed; 0 failed; 0 ignored; 0 measured; 0 filtered out; finished in 3.03s

=== target integration_cluster_snapshot
   Compiling ferrodb v0.1.0 (/Users/idide/wt/ferrodb-d81-land)
    Finished `test` profile [unoptimized + debuginfo] target(s) in 1.84s
     Running tests/integration_cluster_snapshot.rs (target/debug/deps/integration_cluster_snapshot-350a4148b9c71550)

running 9 tests
test a_node_left_part_way_through_an_install_refuses_to_start ... ok
test a_completed_install_leaves_no_marker_behind ... ok
test the_redo_window_that_travels_with_a_snapshot_is_replayed_into_it ... ok
test a_captured_payload_installs_back_to_the_same_pages ... ok
test an_install_discards_the_receivers_own_wal ... ok
test with_the_log_retained_the_same_follower_converges_without_a_snapshot ... ok
test a_node_restarted_above_a_snapshot_floor_comes_back_on_it ... ok
test a_follower_partitioned_past_log_retention_rejoins_by_snapshot_and_converges ... ok
test a_snapshot_claiming_an_implausible_size_leaves_nothing_on_the_receivers_disk ... ok

test result: ok. 9 passed; 0 failed; 0 ignored; 0 measured; 0 filtered out; finished in 3.93s

=== target integration_consensus_failover
   Compiling ferrodb v0.1.0 (/Users/idide/wt/ferrodb-d81-land)
    Finished `test` profile [unoptimized + debuginfo] target(s) in 1.62s
     Running tests/integration_consensus_failover.rs (target/debug/deps/integration_consensus_failover-a060b5a25175e6bb)

running 1 test
test a_killed_leader_is_replaced_and_no_acknowledged_write_is_lost ... ok

test result: ok. 1 passed; 0 failed; 0 ignored; 0 measured; 0 filtered out; finished in 3.34s

=== target integration_cow_branch
   Compiling ferrodb v0.1.0 (/Users/idide/wt/ferrodb-d81-land)
    Finished `test` profile [unoptimized + debuginfo] target(s) in 1.46s
     Running tests/integration_cow_branch.rs (target/debug/deps/integration_cow_branch-17aeb4828b31d3e8)

running 1 test
test the_cow_btree_runs_on_the_arena_store_and_a_child_sees_the_parents_data_without_a_copy ... ok

test result: ok. 1 passed; 0 failed; 0 ignored; 0 measured; 0 filtered out; finished in 0.09s

=== target integration_crash_safety
   Compiling ferrodb v0.1.0 (/Users/idide/wt/ferrodb-d81-land)
    Finished `test` profile [unoptimized + debuginfo] target(s) in 1.59s
     Running tests/integration_crash_safety.rs (target/debug/deps/integration_crash_safety-47f0679b34602969)

running 4 tests
test a_crash_does_not_lose_the_table_or_its_rows ... ok
test a_merge_that_is_not_interrupted_lands_completely ... ok
test reopening_repeatedly_after_a_crash_keeps_giving_the_same_answer ... ok
test a_merge_killed_mid_publish_leaves_no_torn_state ... ok

test result: ok. 4 passed; 0 failed; 0 ignored; 0 measured; 0 filtered out; finished in 0.65s

=== target integration_ddl_refusal_atomicity
   Compiling ferrodb v0.1.0 (/Users/idide/wt/ferrodb-d81-land)
    Finished `test` profile [unoptimized + debuginfo] target(s) in 1.83s
     Running tests/integration_ddl_refusal_atomicity.rs (target/debug/deps/integration_ddl_refusal_atomicity-0a1f361675c4347b)

running 2 tests
test a_refused_create_table_does_not_create_the_table ... ok
test a_refused_drop_table_does_not_drop_the_table ... ok

test result: ok. 2 passed; 0 failed; 0 ignored; 0 measured; 0 filtered out; finished in 0.06s

=== target integration_disk_manager_concurrency
   Compiling ferrodb v0.1.0 (/Users/idide/wt/ferrodb-d81-land)
    Finished `test` profile [unoptimized + debuginfo] target(s) in 1.55s
     Running tests/integration_disk_manager_concurrency.rs (target/debug/deps/integration_disk_manager_concurrency-a07b7923fa14169a)

running 4 tests
test the_high_water_mark_never_lags_what_was_allocated ... ok
test concurrent_allocation_never_hands_out_the_same_page_twice ... ok
test allocation_and_reads_can_run_at_the_same_time ... ok
test concurrently_allocated_pages_hold_their_own_bytes ... ok

test result: ok. 4 passed; 0 failed; 0 ignored; 0 measured; 0 filtered out; finished in 0.04s

=== target integration_durable_tel
   Compiling ferrodb v0.1.0 (/Users/idide/wt/ferrodb-d81-land)
    Finished `test` profile [unoptimized + debuginfo] target(s) in 1.60s
     Running tests/integration_durable_tel.rs (target/debug/deps/integration_durable_tel-20b67d219c0e8ca6)

running 3 tests
test wide_typed_values_survive_the_restart_with_their_bytes_intact ... ok
test an_agent_tasks_frames_and_its_merge_survive_a_process_restart ... ok
test the_durable_store_captures_exactly_what_the_in_memory_one_captures ... ok

test result: ok. 3 passed; 0 failed; 0 ignored; 0 measured; 0 filtered out; finished in 0.15s

=== target integration_effect_log
   Compiling ferrodb v0.1.0 (/Users/idide/wt/ferrodb-d81-land)
    Finished `test` profile [unoptimized + debuginfo] target(s) in 1.65s
     Running tests/integration_effect_log.rs (target/debug/deps/integration_effect_log-65572c1ac1e9ce34)

running 3 tests
test a_replayed_identical_frame_is_still_not_stored_twice ... ok
test an_open_task_frame_may_grow_under_one_txn_id ... ok
test a_txn_id_collision_between_different_transactions_is_still_a_hard_error ... ok

test result: ok. 3 passed; 0 failed; 0 ignored; 0 measured; 0 filtered out; finished in 0.00s

=== target integration_error_messages
   Compiling ferrodb v0.1.0 (/Users/idide/wt/ferrodb-d81-land)
    Finished `test` profile [unoptimized + debuginfo] target(s) in 1.95s
     Running tests/integration_error_messages.rs (target/debug/deps/integration_error_messages-5063579042d24205)

running 7 tests
test an_unknown_table_in_an_empty_database_says_there_are_none_rather_than_listing_nothing ... ok
test a_null_into_a_not_null_column_names_the_column_the_table_and_the_constraint ... ok
test an_unknown_table_is_named_and_the_known_ones_are_listed ... ok
test a_duplicate_primary_key_names_the_value_and_the_column ... ok
test a_wrong_value_count_reports_both_counts_and_the_table ... ok
test the_session_still_works_after_each_of_these_errors ... ok
test constraint_errors_are_spelled_correctly ... ok

test result: ok. 7 passed; 0 failed; 0 ignored; 0 measured; 0 filtered out; finished in 0.29s

=== target integration_error_surface
   Compiling ferrodb v0.1.0 (/Users/idide/wt/ferrodb-d81-land)
    Finished `test` profile [unoptimized + debuginfo] target(s) in 2.60s
     Running tests/integration_error_surface.rs (target/debug/deps/integration_error_surface-dd5d1c6cab1cf80c)

running 10 tests
test bad_stored_bytes_are_reported_as_corruption ... ok
test comparisons_that_can_match_still_do ... ok
test a_quoted_number_against_a_numeric_column_is_refused_deliberately ... ok
test a_comparison_that_cannot_match_is_refused ... ok
test a_user_expression_that_cannot_be_evaluated_is_an_eval_error ... ok
test the_statements_next_to_the_refusals_still_work ... ok
test a_missing_table_is_not_reported_as_a_parse_error ... ok
test no_reachable_refusal_blames_ferrodb_or_the_disk ... ok
test every_reachable_refusal_says_what_was_refused ... ok
test no_refusal_is_contentless ... ok

test result: ok. 10 passed; 0 failed; 0 ignored; 0 measured; 0 filtered out; finished in 1.81s

=== target integration_escrow
   Compiling ferrodb v0.1.0 (/Users/idide/wt/ferrodb-d81-land)
    Finished `test` profile [unoptimized + debuginfo] target(s) in 4.58s
     Running tests/integration_escrow.rs (target/debug/deps/integration_escrow-25bdc25901933883)

running 13 tests
test deleting_the_row_is_not_governed_by_escrow_and_this_is_a_known_gap ... ok
test a_write_beyond_the_claim_fails_at_write_time_not_at_merge ... ok
test raising_the_value_costs_no_escrow ... ok
test escrow_governs_agent_writes_only_and_a_direct_write_is_not_charged ... ok
test a_column_with_no_declared_bound_is_not_escrowed ... ok
test changing_the_primary_key_does_not_move_the_cell_out_of_its_pool ... ok
test abandoning_a_branch_returns_its_claim_to_the_pool ... ok
test a_bounded_cell_cannot_be_written_without_claiming_first ... ok
test a_direct_assignment_below_the_floor_is_refused_not_waved_through ... ok
test without_escrow_two_agents_drive_the_counter_below_its_floor ... ok
test an_assignment_on_an_unbounded_cell_is_not_governed ... ok
test escrow_bounds_sequential_agents_not_just_concurrent_ones ... ok
test with_escrow_the_second_agent_is_refused_while_it_is_still_writing ... ok

test result: ok. 13 passed; 0 failed; 0 ignored; 0 measured; 0 filtered out; finished in 0.19s

=== target integration_executor_provenance
   Compiling ferrodb v0.1.0 (/Users/idide/wt/ferrodb-d81-land)
    Finished `test` profile [unoptimized + debuginfo] target(s) in 1.59s
     Running tests/integration_executor_provenance.rs (target/debug/deps/integration_executor_provenance-428745cf0f38d0d3)

running 5 tests
test a_plain_write_outside_any_agent_session_stays_unattributed ... ok
test reusing_a_run_id_with_a_different_model_is_refused ... ok
test a_row_published_by_a_merge_names_the_agent_run_and_model_that_wrote_it ... ok
test two_agents_writing_different_rows_are_told_apart ... ok
test one_run_is_never_split_across_two_provenance_entities ... ok

test result: ok. 5 passed; 0 failed; 0 ignored; 0 measured; 0 filtered out; finished in 0.11s

=== target integration_flush_concurrency
   Compiling ferrodb v0.1.0 (/Users/idide/wt/ferrodb-d81-land)
    Finished `test` profile [unoptimized + debuginfo] target(s) in 1.58s
     Running tests/integration_flush_concurrency.rs (target/debug/deps/integration_flush_concurrency-ac95cdde9822b791)

running 3 tests
test concurrent_flush_and_fetch_never_write_the_wrong_page_to_disk ... ok
test flushing_a_page_that_is_being_evicted_does_not_panic ... ok
test flush_all_is_atomic_against_concurrent_fetches ... ok

test result: ok. 3 passed; 0 failed; 0 ignored; 0 measured; 0 filtered out; finished in 0.26s

=== target integration_fork_kill9
   Compiling ferrodb v0.1.0 (/Users/idide/wt/ferrodb-d81-land)
    Finished `test` profile [unoptimized + debuginfo] target(s) in 1.52s
     Running tests/integration_fork_kill9.rs (target/debug/deps/integration_fork_kill9-31ddab80011db9f6)

running 1 test
test an_acknowledged_fork_survives_sigkill ... ok

test result: ok. 1 passed; 0 failed; 0 ignored; 0 measured; 0 filtered out; finished in 1.02s

=== target integration_fulltext_retrieval
   Compiling ferrodb v0.1.0 (/Users/idide/wt/ferrodb-d81-land)
    Finished `test` profile [unoptimized + debuginfo] target(s) in 1.62s
     Running tests/integration_fulltext_retrieval.rs (target/debug/deps/integration_fulltext_retrieval-6959baec706be305)

running 20 tests
test a_rebuild_resolves_a_re_used_primary_key_to_the_live_version ... ok
test an_over_long_token_is_skipped_and_its_neighbours_are_indexed ... ok
test a_word_repeated_in_one_value_posts_one_entry_not_two ... ok
test re_inserting_a_deleted_primary_key_does_not_double_the_row ... ok
test a_token_lookup_returns_exactly_the_rows_containing_it ... ok
test a_null_value_is_indexed_as_no_tokens ... ok
test a_rebuild_over_a_re_used_primary_key_does_not_double_the_row ... ok
test a_backfill_over_a_re_used_primary_key_does_not_double_the_row ... ok
test each_row_carries_its_score_as_a_trailing_column ... ok
test a_deleted_row_drops_out_of_a_search_and_a_live_one_does_not ... ok
test a_rebuild_of_a_correct_index_does_not_double_its_postings ... ok
test the_index_survives_a_crash_and_recover ... ok
test a_value_updated_away_and_back_returns_the_row_exactly_once ... ok
test a_fulltext_index_is_not_offered_to_the_range_scanner ... ok
test dropping_a_table_takes_its_posting_tree ... ok
test the_refusals_refuse_and_the_neighbouring_cases_are_allowed ... ok
test two_fulltext_indexes_on_one_table_stay_separate ... ok
test the_operator_bounds_its_own_result_and_keeps_the_best_rows ... ok
test ranking_separates_rows_that_an_equal_scorer_would_tie ... ok
test a_split_posting_tree_records_its_new_root ... ok

test result: ok. 20 passed; 0 failed; 0 ignored; 0 measured; 0 filtered out; finished in 1.37s

=== target integration_index_debt
   Compiling ferrodb v0.1.0 (/Users/idide/wt/ferrodb-d81-land)
    Finished `test` profile [unoptimized + debuginfo] target(s) in 1.56s
     Running tests/integration_index_debt.rs (target/debug/deps/integration_index_debt-2854cdb143ff6323)

running 2 tests
test deleting_rows_does_not_shrink_the_primary_index ... ok
test no_workload_drives_a_leaf_underfull ... ok

test result: ok. 2 passed; 0 failed; 0 ignored; 0 measured; 0 filtered out; finished in 8.28s

=== target integration_logical_decoding
   Compiling ferrodb v0.1.0 (/Users/idide/wt/ferrodb-d81-land)
    Finished `test` profile [unoptimized + debuginfo] target(s) in 1.57s
     Running tests/integration_logical_decoding.rs (target/debug/deps/integration_logical_decoding-4d7e615351add627)

running 4 tests
test decoding_the_same_range_twice_gives_the_same_feed ... ok
test real_sql_decodes_into_the_changes_that_sql_described ... ok
test two_adjacent_ranges_reassemble_into_the_whole_feed ... ok
test the_feed_is_ordered_and_every_change_is_attributed_to_a_commit ... ok

test result: ok. 4 passed; 0 failed; 0 ignored; 0 measured; 0 filtered out; finished in 0.26s

=== target integration_merge_agreement
   Compiling ferrodb v0.1.0 (/Users/idide/wt/ferrodb-d81-land)
    Finished `test` profile [unoptimized + debuginfo] target(s) in 1.51s
     Running tests/integration_merge_agreement.rs (target/debug/deps/integration_merge_agreement-43e4b7e3ce4f1adc)

running 6 tests
test both_engines_agree_that_a_one_sided_write_is_clean ... ok
test both_engines_agree_that_an_unannotated_column_forbids_concurrent_writes ... ok
test both_engines_agree_that_two_decrements_commute ... ok
test both_engines_agree_that_a_guard_failing_against_merged_state_is_a_conflict ... ok
test both_engines_agree_that_a_discarding_lww_never_reads_as_clean ... ok
test both_engines_deduplicate_a_replayed_add_by_txn_id ... ok

test result: ok. 6 passed; 0 failed; 0 ignored; 0 measured; 0 filtered out; finished in 0.00s

=== target integration_merge_ddl_atomicity
   Compiling ferrodb v0.1.0 (/Users/idide/wt/ferrodb-d81-land)
    Finished `test` profile [unoptimized + debuginfo] target(s) in 1.61s
     Running tests/integration_merge_ddl_atomicity.rs (target/debug/deps/integration_merge_ddl_atomicity-81b4e1b7467e1784)

running 9 tests
test a_row_the_merge_would_publish_with_a_null_in_a_not_null_column_refuses_the_whole_merge ... ok
test a_merge_publishes_its_rows_into_the_shape_its_own_edits_produced ... ok
test a_rename_follows_its_column_into_the_fulltext_index_too ... ok
test an_index_follows_its_column_across_the_renames_a_merge_applies ... ok
test narrowing_a_row_and_retyping_behind_it_takes_two_merges_and_the_refusal_says_so ... ok
test a_row_the_merge_would_publish_too_wide_for_the_shape_it_lands_in_refuses_the_whole_merge ... ok
test a_chain_refused_at_its_first_edit_names_that_edit_and_not_the_last ... ok
test planning_a_refused_merge_does_not_even_append_an_empty_page ... ok
test a_merge_refused_at_its_third_edit_leaves_neither_of_the_first_two_applied ... ok

test result: ok. 9 passed; 0 failed; 0 ignored; 0 measured; 0 filtered out; finished in 4.06s

=== target integration_pgwire
   Compiling ferrodb v0.1.0 (/Users/idide/wt/ferrodb-d81-land)
    Finished `test` profile [unoptimized + debuginfo] target(s) in 1.49s
     Running tests/integration_pgwire.rs (target/debug/deps/integration_pgwire-f8ee98bc3104f0d7)

running 6 tests
test an_independent_client_can_connect_and_run_sql_over_the_wire ... ok
test two_wire_clients_see_branch_isolation_and_share_one_runtime ... ok
test a_second_real_driver_runs_the_same_parameterised_queries ... ok
test the_server_accepts_more_than_one_connection ... ok
test a_real_driver_connects_and_runs_a_parameterised_query ... ok
test two_concurrent_connections_both_make_progress ... ok

test result: ok. 6 passed; 0 failed; 0 ignored; 0 measured; 0 filtered out; finished in 2.59s

=== target integration_production_diff_wiring
   Compiling ferrodb v0.1.0 (/Users/idide/wt/ferrodb-d81-land)
    Finished `test` profile [unoptimized + debuginfo] target(s) in 1.77s
     Running tests/integration_production_diff_wiring.rs (target/debug/deps/integration_production_diff_wiring-fddd0eafc5e05abc)

running 4 tests
test every_leaf_differs_so_nothing_is_skipped ... ok
test the_memoised_content_identity_agrees ... ok
test two_identical_roots_read_nothing ... ok
test a_production_diff_reads_pages_in_proportion_to_depth ... ok

test result: ok. 4 passed; 0 failed; 0 ignored; 0 measured; 0 filtered out; finished in 1.36s

=== target integration_prompt_clause
   Compiling ferrodb v0.1.0 (/Users/idide/wt/ferrodb-d81-land)
    Finished `test` profile [unoptimized + debuginfo] target(s) in 1.65s
     Running tests/integration_prompt_clause.rs (target/debug/deps/integration_prompt_clause-a15ad880bd60b661)

running 8 tests
test the_prompt_free_entry_points_still_intern_the_unset_hash ... ok
test two_prompts_that_differ_produce_two_hashes ... ok
test the_run_id_and_the_prompt_are_not_transposed ... ok
test an_omitted_clause_is_all_zero_and_an_empty_prompt_is_not ... ok
test resuming_a_run_under_a_different_prompt_is_refused_and_under_the_same_one_is_not ... ok
test a_prompt_declared_in_sql_becomes_the_runs_digest ... ok
test the_open_session_holds_no_prompt_text ... ok
test the_prompt_text_never_reaches_the_durable_provenance_file ... ok

test result: ok. 8 passed; 0 failed; 0 ignored; 0 measured; 0 filtered out; finished in 0.09s

=== target integration_quarantine
   Compiling ferrodb v0.1.0 (/Users/idide/wt/ferrodb-d81-land)
    Finished `test` profile [unoptimized + debuginfo] target(s) in 3.43s
     Running tests/integration_quarantine.rs (target/debug/deps/integration_quarantine-7b89d9a923bcba36)

running 8 tests
test the_existing_state_tags_kept_their_values ... ok
test the_quarantined_state_round_trips_through_the_record_log ... ok
test merging_a_quarantined_branch_is_refused_with_the_reason ... ok
test a_held_branch_is_listed_with_its_reason_and_distinguishable_from_live ... ok
test releasing_a_branch_that_is_not_held_is_refused ... ok
test a_quarantined_branch_is_still_queryable ... ok
test a_quarantined_branch_is_not_merged_and_main_is_untouched ... ok
test releasing_a_branch_returns_it_to_service_and_it_merges ... ok

test result: ok. 8 passed; 0 failed; 0 ignored; 0 measured; 0 filtered out; finished in 0.16s

=== target integration_read_premise
   Compiling ferrodb v0.1.0 (/Users/idide/wt/ferrodb-d81-land)
    Finished `test` profile [unoptimized + debuginfo] target(s) in 3.51s
     Running tests/integration_read_premise.rs (target/debug/deps/integration_read_premise-5c7b7e6036a74c42)

running 3 tests
test a_branch_that_read_a_row_another_branch_then_changed_is_held ... ok
test a_read_of_an_unpublished_row_is_recorded_as_version_zero ... ok
test two_branches_reading_different_rows_both_merge ... ok

test result: ok. 3 passed; 0 failed; 0 ignored; 0 measured; 0 filtered out; finished in 0.10s

=== target integration_readme_commands
   Compiling ferrodb v0.1.0 (/Users/idide/wt/ferrodb-d81-land)
warning: unused import: `Path`
  --> tests/integration_readme_commands.rs:41:17
   |
41 | use std::path::{Path, PathBuf};
   |                 ^^^^
   |
   = note: `#[warn(unused_imports)]` (part of `#[warn(unused)]`) on by default

warning: `ferrodb` (test "integration_readme_commands") generated 1 warning (run `cargo fix --test "integration_readme_commands" -p ferrodb` to apply 1 suggestion)
    Finished `test` profile [unoptimized + debuginfo] target(s) in 4.73s
     Running tests/integration_readme_commands.rs (target/debug/deps/integration_readme_commands-2a526cf355a7940c)

running 4 tests
test the_readmes_benchmark_number_matches_the_committed_raw_output ... ok
test the_benchmark_refuses_to_report_debug_numbers ... ok
test demo_md_matches_what_the_demo_prints_and_the_demo_still_passes ... ok
test the_wal_diagnostic_refuses_without_a_wal_and_reads_a_real_one ... ok

test result: ok. 4 passed; 0 failed; 0 ignored; 0 measured; 0 filtered out; finished in 4.66s

=== target integration_replica_applier
   Compiling ferrodb v0.1.0 (/Users/idide/wt/ferrodb-d81-land)
    Finished `test` profile [unoptimized + debuginfo] target(s) in 1.71s
     Running tests/integration_replica_applier.rs (target/debug/deps/integration_replica_applier-16840cebb27ec7d5)

running 11 tests
test a_batch_beginning_above_the_frontier_is_refused_as_a_gap ... ok
test an_alter_wrapped_in_a_clr_still_halts_the_replica ... ok
test a_batch_with_one_bad_frame_applies_none_of_it ... ok
test a_frame_whose_crc_fails_is_refused ... ok
test a_frame_at_the_wrong_lsn_is_refused ... ok
test a_replica_applies_a_shipped_insert_and_advances ... ok
test re_applying_the_same_batch_is_a_no_op ... ok
test a_replica_still_applies_a_stream_carrying_create_and_drop_table ... ok
test a_replica_refuses_a_stream_carrying_an_alter_rather_than_advancing_past_it ... ok
test every_column_alteration_halts_the_replica ... ok
test streaming_in_batches_converges_on_the_primarys_frontier ... ok

test result: ok. 11 passed; 0 failed; 0 ignored; 0 measured; 0 filtered out; finished in 0.23s

=== target integration_replica_divergence_is_durable
   Compiling ferrodb v0.1.0 (/Users/idide/wt/ferrodb-d81-land)
    Finished `test` profile [unoptimized + debuginfo] target(s) in 1.54s
     Running tests/integration_replica_divergence_is_durable.rs (target/debug/deps/integration_replica_divergence_is_durable-8926c6fad32000b9)

running 5 tests
test a_replica_that_never_ran_has_no_position ... ok
test a_bare_number_is_still_a_valid_state_file ... ok
test an_ordinary_position_resumes ... ok
test a_recorded_divergence_refuses_to_resume_forever ... ok
test recording_progress_cannot_erase_a_divergence ... ok

test result: ok. 5 passed; 0 failed; 0 ignored; 0 measured; 0 filtered out; finished in 0.05s

=== target integration_replication_e2e
   Compiling ferrodb v0.1.0 (/Users/idide/wt/ferrodb-d81-land)
    Finished `test` profile [unoptimized + debuginfo] target(s) in 1.66s
     Running tests/integration_replication_e2e.rs (target/debug/deps/integration_replication_e2e-ba29f27d58751553)

running 2 tests
test the_catalog_is_not_replicated_and_that_is_a_stated_limit ... ok
test a_replica_converges_on_the_primary_over_tcp ... ok

test result: ok. 2 passed; 0 failed; 0 ignored; 0 measured; 0 filtered out; finished in 0.32s

=== target integration_replication_source
   Compiling ferrodb v0.1.0 (/Users/idide/wt/ferrodb-d81-land)
    Finished `test` profile [unoptimized + debuginfo] target(s) in 1.54s
     Running tests/integration_replication_source.rs (target/debug/deps/integration_replication_source-118969395b69af8f)

running 5 tests
test a_byte_limit_splits_the_stream_without_losing_its_place ... ok
test a_caught_up_replica_is_told_nothing_rather_than_re_sent_everything ... ok
test shipped_bytes_are_the_logs_own_frames ... ok
test nothing_is_shipped_before_it_is_durable ... ok
test the_frontier_holds_while_more_records_pile_up_behind_it ... ok

test result: ok. 5 passed; 0 failed; 0 ignored; 0 measured; 0 filtered out; finished in 0.05s

=== target integration_run_identity_feed
   Compiling ferrodb v0.1.0 (/Users/idide/wt/ferrodb-d81-land)
    Finished `test` profile [unoptimized + debuginfo] target(s) in 1.70s
     Running tests/integration_run_identity_feed.rs (target/debug/deps/integration_run_identity_feed-0c12adf72c29357f)

running 11 tests
test the_durable_store_is_usable_as_the_trait_object_agent_runtime_holds ... ok
test provenance_survives_a_reopen_only_when_the_runtime_was_built_durable ... ok
test binding_a_run_refuses_the_shapes_that_would_produce_a_wrong_answer ... ok
test an_agent_merge_ships_its_rows_with_a_writer_and_a_plain_write_still_ships_none ... ok
test a_prompt_declared_over_sql_reaches_the_feed_as_a_digest ... ok
test every_committed_row_change_names_the_run_that_wrote_it ... ok
test an_aborted_transactions_run_leaves_no_binding_in_the_log ... ok
test a_commit_with_no_run_bound_ships_unattributed_and_is_counted ... ok
test who_wrote_row_answers_after_the_database_is_reopened ... ok
test a_checkpoint_does_not_erase_the_databases_writers ... ok
test an_identity_record_written_at_session_begin_is_stepped_over_by_the_feed_cursor ... ok

test result: ok. 11 passed; 0 failed; 0 ignored; 0 measured; 0 filtered out; finished in 0.23s

=== target integration_run_identity_log_readers
   Compiling ferrodb v0.1.0 (/Users/idide/wt/ferrodb-d81-land)
    Finished `test` profile [unoptimized + debuginfo] target(s) in 1.62s
     Running tests/integration_run_identity_log_readers.rs (target/debug/deps/integration_run_identity_log_readers-92ce14c096858115)

running 2 tests
test a_replica_applies_a_batch_containing_run_identity_records ... ok
test recovery_replays_a_log_holding_both_a_binding_and_a_declaration ... ok

test result: ok. 2 passed; 0 failed; 0 ignored; 0 measured; 0 filtered out; finished in 0.09s

=== target integration_runtime_concurrency
   Compiling ferrodb v0.1.0 (/Users/idide/wt/ferrodb-d81-land)
    Finished `test` profile [unoptimized + debuginfo] target(s) in 1.63s
     Running tests/integration_runtime_concurrency.rs (target/debug/deps/integration_runtime_concurrency-195a0a158d15d785)

running 4 tests
test concurrent_abandons_return_exactly_their_own_claims ... ok
test concurrent_writers_each_read_back_only_their_own_row ... ok
test concurrent_sessions_get_distinct_branches_and_runs ... ok
test concurrent_claims_never_over_commit_the_pool ... ok

test result: ok. 4 passed; 0 failed; 0 ignored; 0 measured; 0 filtered out; finished in 0.04s

=== target integration_runtime_reattach
   Compiling ferrodb v0.1.0 (/Users/idide/wt/ferrodb-d81-land)
    Finished `test` profile [unoptimized + debuginfo] target(s) in 4.54s
     Running tests/integration_runtime_reattach.rs (target/debug/deps/integration_runtime_reattach-72c494a20a8177da)

running 4 tests
test reopening_a_database_with_no_trunk_tree_is_refused_by_name ... ok
test creating_over_an_existing_trunk_tree_is_refused ... ok
test a_root_pointing_at_a_page_this_engine_did_not_write_is_refused ... ok
test a_reopened_runtime_reads_the_rows_the_first_one_wrote ... ok

test result: ok. 4 passed; 0 failed; 0 ignored; 0 measured; 0 filtered out; finished in 0.02s

=== target integration_secondary_index_debt
   Compiling ferrodb v0.1.0 (/Users/idide/wt/ferrodb-d81-land)
    Finished `test` profile [unoptimized + debuginfo] target(s) in 1.73s
     Running tests/integration_secondary_index_debt.rs (target/debug/deps/integration_secondary_index_debt-47853349494c68bc)

running 4 tests
test reusing_a_key_with_the_same_indexed_value_does_not_duplicate_it ... ok
test a_value_moved_away_and_back_does_not_return_its_row_twice ... ok
test dead_entries_never_reach_the_caller ... ok
test a_secondary_index_grows_by_one_entry_per_delete_and_per_update ... ok

test result: ok. 4 passed; 0 failed; 0 ignored; 0 measured; 0 filtered out; finished in 0.35s

=== target integration_server_reaps
   Compiling ferrodb v0.1.0 (/Users/idide/wt/ferrodb-d81-land)
    Finished `test` profile [unoptimized + debuginfo] target(s) in 1.70s
     Running tests/integration_server_reaps.rs (target/debug/deps/integration_server_reaps-2fe130781ef8f38a)

running 8 tests
lease: NOT reaping — this node does not know the cluster's time (n1 has applied no LeaseTick, so it does not know the cluster's time and will not decide a lease. Reaping is destructive and a BranchId generation makes it unrecoverable, so there is no safe default here). Expired branches keep their pages until a LeaseTick is applied; reaping on a local clock is the divergence this refusal exists to prevent.
lease: NOT reaping — this node does not know the cluster's time (n1 has applied no LeaseTick, so it does not know the cluster's time and will not decide a lease. Reaping is destructive and a BranchId generation makes it unrecoverable, so there is no safe default here). Expired branches keep their pages until a LeaseTick is applied; reaping on a local clock is the divergence this refusal exists to prevent.
lease: NOT reaping — this node does not know the cluster's time (n1 has applied no LeaseTick, so it does not know the cluster's time and will not decide a lease. Reaping is destructive and a BranchId generation makes it unrecoverable, so there is no safe default here). Expired branches keep their pages until a LeaseTick is applied; reaping on a local clock is the divergence this refusal exists to prevent.
lease: reaped 1 expired branch(es) with no client cooperation (b1@g0); 0 workspace(s) forgotten
test a_node_that_does_not_know_the_clusters_time_refuses_to_reap_rather_than_guessing ... ok
test both_binaries_refuse_to_start_on_an_unusable_scan_interval ... ok
test a_merged_branch_gives_its_extent_back_without_any_lease_scan ... ok
test a_healthy_database_resumes_nothing_on_startup ... ok
test the_server_reaps_an_abandoned_branch_without_one_socket_being_opened ... ok
test the_cli_reaps_an_abandoned_branch_with_no_client_action_and_pages_return_to_baseline ... ok
test the_server_finishes_a_reap_a_crash_interrupted_before_it_serves_anything ... ok
test a_live_lease_survives_a_server_that_scans_continuously ... ok

test result: ok. 8 passed; 0 failed; 0 ignored; 0 measured; 0 filtered out; finished in 2.88s

=== target integration_server_stdout
   Compiling ferrodb v0.1.0 (/Users/idide/wt/ferrodb-d81-land)
    Finished `test` profile [unoptimized + debuginfo] target(s) in 4.51s
     Running tests/integration_server_stdout.rs (target/debug/deps/integration_server_stdout-9259fddcd1538fdb)

running 5 tests
test no_test_picks_a_port_for_a_server_it_has_not_started_yet ... ok
test every_user_path_binary_refuses_a_database_that_is_already_open ... ok
test pgserver_survives_a_closed_stdout ... ok
test cdc_server_survives_a_closed_stdout ... ok
test repl_primary_survives_a_closed_stdout ... ok

test result: ok. 5 passed; 0 failed; 0 ignored; 0 measured; 0 filtered out; finished in 10.15s

=== target integration_sibling_merge
   Compiling ferrodb v0.1.0 (/Users/idide/wt/ferrodb-d81-land)
    Finished `test` profile [unoptimized + debuginfo] target(s) in 1.64s
     Running tests/integration_sibling_merge.rs (target/debug/deps/integration_sibling_merge-bfeabfa1f35d46b8)

running 9 tests
test the_index_hydrates_from_the_catalog_rather_than_from_a_fork_hook ... ok
test the_fork_point_query_costs_fewer_hops_than_the_walk_it_replaces ... ok
test a_sibling_merge_refuses_an_ancestor_and_refuses_itself ... ok
test a_row_the_target_never_touched_still_carries_its_fork_point_image ... ok
test the_fork_point_is_computed_not_assumed ... ok
test only_one_side_moved_the_cell ... ok
test both_siblings_moved_the_same_cell_and_it_conflicts ... ok
test merging_two_siblings_was_impossible_before_a_fork_point_could_be_computed ... ok
test two_siblings_merge_and_the_target_carries_both_branches_work ... ok

test result: ok. 9 passed; 0 failed; 0 ignored; 0 measured; 0 filtered out; finished in 0.17s

=== target integration_simulate
   Compiling ferrodb v0.1.0 (/Users/idide/wt/ferrodb-d81-land)
    Finished `test` profile [unoptimized + debuginfo] target(s) in 1.66s
     Running tests/integration_simulate.rs (target/debug/deps/integration_simulate-3eb2509e1d40721e)

running 25 tests
test a_reaper_wired_to_a_different_catalog_is_caught_at_the_first_seal ... ok
test a_candidate_writing_an_escrow_bounded_cell_errors_visibly_rather_than_overdrawing ... ok
test a_read_only_candidate_reports_no_rows_written ... ok
test an_admitted_candidates_rows_are_attributed_to_that_candidate ... ok
test a_plan_that_never_says_admit_publishes_nothing ... ok
test a_candidate_whose_body_errors_is_reported_and_never_admitted ... ok
test a_simulation_refuses_to_run_with_no_assertions_no_candidates_or_a_duplicate_name ... ok
test an_assertion_is_scored_over_rows_the_candidate_never_touched ... ok
test an_assertion_on_an_unknown_table_or_column_is_refused_at_bind_time ... ok
test every_candidate_is_scored_against_one_identical_base ... ok
test a_candidate_is_scored_by_the_same_gate_a_production_merge_uses ... ok
test a_losing_candidate_is_left_for_the_reaper_rather_than_quarantined ... ok
test a_candidate_the_first_score_refused_is_admitted_once_the_base_has_moved ... ok
test a_third_candidate_that_composes_with_either_of_a_pair_is_refused_against_both ... ok
test publishing_an_evaluation_the_gate_declined_is_refused ... ok
test an_evaluation_whose_read_premise_moved_is_refused_even_though_it_wrote_a_different_table ... ok
test an_assertion_that_examined_no_rows_blocks_admission_instead_of_passing ... ok
test simulate_is_refused_inside_an_agent_session ... ok
test simulate_is_refused_inside_a_transaction_block_because_it_would_escape_the_rollback ... ok
test publishing_an_evaluation_whose_base_moved_is_refused_and_publishing_a_fresh_one_is_not ... ok
test state_for_branches_the_reaper_took_is_dropped_rather_than_retained_forever ... ok
test the_simulate_statement_runs_end_to_end_through_the_sql_surface ... ok
test k_candidates_cost_k_path_copies_not_k_database_copies ... ok
test forking_k_candidates_copies_zero_pages_and_the_trunk_really_had_pages_to_copy ... ok
test the_losers_are_reaped_on_lease_expiry_with_no_client_cooperation_and_pages_return_to_baseline ... ok

test result: ok. 25 passed; 0 failed; 0 ignored; 0 measured; 0 filtered out; finished in 0.50s

=== target integration_sql_on_durable_branches
   Compiling ferrodb v0.1.0 (/Users/idide/wt/ferrodb-d81-land)
    Finished `test` profile [unoptimized + debuginfo] target(s) in 1.51s
     Running tests/integration_sql_on_durable_branches.rs (target/debug/deps/integration_sql_on_durable_branches-1573d64d39185f4f)

running 4 tests
test abandon_marks_the_branch_reaped_in_the_durable_record_log ... ok
test branch_writes_stay_invisible_to_main_on_the_durable_catalog ... ok
test a_guard_violation_is_rejected_with_its_predicate_on_the_durable_catalog ... ok
test two_branches_decrementing_compose_arithmetically_on_the_durable_catalog ... ok

test result: ok. 4 passed; 0 failed; 0 ignored; 0 measured; 0 filtered out; finished in 0.15s

=== target integration_statement_atomicity
   Compiling ferrodb v0.1.0 (/Users/idide/wt/ferrodb-d81-land)
    Finished `test` profile [unoptimized + debuginfo] target(s) in 1.75s
     Running tests/integration_statement_atomicity.rs (target/debug/deps/integration_statement_atomicity-7a89d477e1710752)

running 3 tests
test a_refused_multi_row_update_leaves_no_row_rewritten ... ok
test a_refused_statement_does_not_consume_the_budget_it_never_used ... ok
test a_multi_row_update_within_budget_still_applies_to_every_row ... ok

test result: ok. 3 passed; 0 failed; 0 ignored; 0 measured; 0 filtered out; finished in 0.11s

=== target integration_system_views_wire
   Compiling ferrodb v0.1.0 (/Users/idide/wt/ferrodb-d81-land)
    Finished `test` profile [unoptimized + debuginfo] target(s) in 1.75s
     Running tests/integration_system_views_wire.rs (target/debug/deps/integration_system_views_wire-2cb7270b919ff355)

running 1 test
test the_system_views_are_typed_rows_to_an_independent_client ... ok

test result: ok. 1 passed; 0 failed; 0 ignored; 0 measured; 0 filtered out; finished in 0.16s

=== target integration_system_views
   Compiling ferrodb v0.1.0 (/Users/idide/wt/ferrodb-d81-land)
warning: unused import: `std::path::Path`
  --> tests/integration_system_views.rs:26:5
   |
26 | use std::path::Path;
   |     ^^^^^^^^^^^^^^^
   |
   = note: `#[warn(unused_imports)]` (part of `#[warn(unused)]`) on by default

warning: `ferrodb` (test "integration_system_views") generated 1 warning (run `cargo fix --test "integration_system_views" -p ferrodb` to apply 1 suggestion)
    Finished `test` profile [unoptimized + debuginfo] target(s) in 1.82s
     Running tests/integration_system_views.rs (target/debug/deps/integration_system_views-0cd16af7a1f4817a)

running 20 tests
test an_empty_view_still_announces_every_declared_column ... ok
test a_view_can_be_projected_and_filtered ... ok
test a_table_that_predates_the_views_still_answers_for_its_own_name ... ok
test a_second_session_of_one_run_does_not_restamp_when_the_run_started ... ok
test an_empty_agent_result_is_distinguishable_from_a_broken_one ... ok
test every_declared_column_is_selectable_by_name ... ok
test a_reaped_branch_reports_the_slots_current_generation ... ok
test an_agent_result_has_typed_columns_a_client_can_read ... ok
test a_view_refuses_as_of_branch_and_a_join_rather_than_answering_something_else ... ok
test an_agent_can_read_the_views_from_inside_its_own_session ... ok
test a_quarantined_branch_shows_up_with_the_reason_it_is_held ... ok
test a_table_cannot_shadow_a_system_view ... ok
test every_view_is_populated_once_an_agent_has_run ... ok
test creating_over_a_legacy_table_named_like_a_view_says_the_table_exists ... ok
test every_write_shape_against_a_view_refuses_by_name ... ok
test ferro_runs_reports_the_digest_of_a_declared_prompt ... ok
test a_view_on_either_side_of_a_join_is_refused_by_name ... ok
test run_activity_counts_are_per_run_and_not_a_shared_total ... ok
test a_recreated_table_does_not_inherit_the_previous_tables_authorship ... ok
test dropping_a_table_does_not_silence_the_read_premise_gate ... ok

test result: ok. 20 passed; 0 failed; 0 ignored; 0 measured; 0 filtered out; finished in 0.44s

=== target integration_truncation_race
   Compiling ferrodb v0.1.0 (/Users/idide/wt/ferrodb-d81-land)
    Finished `test` profile [unoptimized + debuginfo] target(s) in 1.61s
     Running tests/integration_truncation_race.rs (target/debug/deps/integration_truncation_race-9b3eb3ac65390670)

running 1 test
test a_truncation_racing_a_read_never_yields_a_frame_at_the_wrong_lsn ... ok

test result: ok. 1 passed; 0 failed; 0 ignored; 0 measured; 0 filtered out; finished in 1.04s

=== target integration_trunk_tree_authority
   Compiling ferrodb v0.1.0 (/Users/idide/wt/ferrodb-d81-land)
    Finished `test` profile [unoptimized + debuginfo] target(s) in 1.64s
     Running tests/integration_trunk_tree_authority.rs (target/debug/deps/integration_trunk_tree_authority-069e9ab3d7327f95)

running 3 tests
test trunks_root_is_a_real_arena_page_named_by_the_branch_catalog ... ok
test trunk_rows_live_in_the_heap_not_in_trunks_page_tree ... ok
test an_agent_write_lives_on_branch_pages_and_reaches_the_heap_only_on_merge ... ok

test result: ok. 3 passed; 0 failed; 0 ignored; 0 measured; 0 filtered out; finished in 0.13s

=== target integration_txn_concurrency
   Compiling ferrodb v0.1.0 (/Users/idide/wt/ferrodb-d81-land)
    Finished `test` profile [unoptimized + debuginfo] target(s) in 1.66s
     Running tests/integration_txn_concurrency.rs (target/debug/deps/integration_txn_concurrency-321b53de585b05de)

running 4 tests
test concurrent_commits_and_aborts_do_not_panic ... ok
test committed_transactions_leave_the_active_set ... ok
test a_running_transaction_is_never_missing_from_a_snapshot ... ok
test concurrent_begins_get_distinct_transaction_ids ... ok

test result: ok. 4 passed; 0 failed; 0 ignored; 0 measured; 0 filtered out; finished in 3.23s

=== target integration_view_pushdown
   Compiling ferrodb v0.1.0 (/Users/idide/wt/ferrodb-d81-land)
    Finished `test` profile [unoptimized + debuginfo] target(s) in 1.65s
     Running tests/integration_view_pushdown.rs (target/debug/deps/integration_view_pushdown-41c09f8d40e27f92)

running 8 tests
test a_literal_the_binder_refuses_never_reaches_the_hint ... ok
test a_narrowed_read_still_announces_the_projections_columns ... ok
test the_extracted_hint_is_the_one_the_predicate_licenses ... ok
test a_scattered_set_of_live_runs_is_neither_widened_nor_truncated ... ok
test ferro_runs_reports_exactly_the_branches_with_a_live_run ... ok
test a_bounded_record_scan_returns_exactly_the_records_in_range ... ok
test the_hint_narrows_what_the_generator_builds ... ok
test every_view_query_answers_identically_with_and_without_the_hint ... ok

test result: ok. 8 passed; 0 failed; 0 ignored; 0 measured; 0 filtered out; finished in 5.01s

=== target integration_wal_concurrency
   Compiling ferrodb v0.1.0 (/Users/idide/wt/ferrodb-d81-land)
    Finished `test` profile [unoptimized + debuginfo] target(s) in 1.65s
     Running tests/integration_wal_concurrency.rs (target/debug/deps/integration_wal_concurrency-a8e3f28b25240888)

running 3 tests
test concurrent_appends_get_distinct_lsns ... ok
test the_log_remains_a_walkable_chain_after_concurrent_use ... ok
test flushed_lsn_never_over_reports_while_flushes_are_in_flight ... ok

test result: ok. 3 passed; 0 failed; 0 ignored; 0 measured; 0 filtered out; finished in 0.82s

=== target integration_zero_copy_fork
   Compiling ferrodb v0.1.0 (/Users/idide/wt/ferrodb-d81-land)
    Finished `test` profile [unoptimized + debuginfo] target(s) in 1.63s
     Running tests/integration_zero_copy_fork.rs (target/debug/deps/integration_zero_copy_fork-301b513c069220ff)

running 6 tests
test a_runtime_without_a_page_store_refuses_row_calls_instead_of_pretending ... ok
test a_write_on_the_branch_is_invisible_to_the_trunk_and_to_a_sibling ... ok
test beginning_an_agent_session_copies_zero_data_pages ... ok
test an_abandoned_agent_session_returns_its_pages_with_no_client_cooperation ... ok
test a_branch_write_costs_pages_only_on_the_path_it_touches ... ok
test the_fork_stays_zero_copy_as_the_trunk_grows ... ok

test result: ok. 6 passed; 0 failed; 0 ignored; 0 measured; 0 filtered out; finished in 0.26s

=== target lock_order_allowlist
   Compiling ferrodb v0.1.0 (/Users/idide/wt/ferrodb-d81-land)
    Finished `test` profile [unoptimized + debuginfo] target(s) in 1.55s
     Running tests/lock_order_allowlist.rs (target/debug/deps/lock_order_allowlist-5152dbc136567be8)

running 7 tests
test the_scanner_catches_a_pool_method_missing_its_marker ... ok
test the_scanner_catches_an_unlisted_latcher ... ok
test only_the_att_accessors_may_lock_the_active_transaction_table ... ok
test every_pool_method_that_locks_opens_a_pool_section ... ok
test only_the_tree_may_take_a_page_latch ... ok
test only_the_pool_may_write_lock_a_frame_directly ... ok
test test_only_sources_are_cfg_test_gated ... ok

test result: ok. 7 passed; 0 failed; 0 ignored; 0 measured; 0 filtered out; finished in 0.11s

=== target lock_order_runtime
   Compiling ferrodb v0.1.0 (/Users/idide/wt/ferrodb-d81-land)
    Finished `test` profile [unoptimized + debuginfo] target(s) in 1.51s
     Running tests/lock_order_runtime.rs (target/debug/deps/lock_order_runtime-d1de576bd7acade5)

running 4 tests
test the_correct_order_latch_then_frame_is_not_flagged ... ok
test pool_sections_do_not_leak_across_calls ... ok
test a_page_latch_taken_while_holding_a_frame_read_lock_is_caught - should panic ... ok
test a_page_latch_taken_while_holding_a_frame_write_lock_is_caught - should panic ... ok

test result: ok. 4 passed; 0 failed; 0 ignored; 0 measured; 0 filtered out; finished in 0.02s

=== target prop_cow_diff
   Compiling ferrodb v0.1.0 (/Users/idide/wt/ferrodb-d81-land)
    Finished `test` profile [unoptimized + debuginfo] target(s) in 1.81s
     Running tests/prop_cow_diff.rs (target/debug/deps/prop_cow_diff-884fd6568a11d74e)

running 5 tests
test an_unedited_branch_diffs_to_nothing_for_free ... ok
test applying_the_diff_to_the_base_reconstructs_the_head ... ok
test reversing_the_roots_inverts_every_delta ... ok
test diff_agrees_with_a_full_scan_comparison ... ok
test a_small_edit_reads_less_than_reading_both_trees ... ok

test result: ok. 5 passed; 0 failed; 0 ignored; 0 measured; 0 filtered out; finished in 9.69s

=== target prop_escrow
   Compiling ferrodb v0.1.0 (/Users/idide/wt/ferrodb-d81-land)
    Finished `test` profile [unoptimized + debuginfo] target(s) in 1.64s
     Running tests/prop_escrow.rs (target/debug/deps/prop_escrow-5281dfec1344b96a)

running 4 tests
test release_restores_the_pool_and_settle_consumes_it ... ok
test claims_outstanding_never_exceed_the_remaining_pool ... ok
test consumed_never_exceeds_the_declared_slack ... ok
test a_branch_never_spends_beyond_its_own_claim ... ok

test result: ok. 4 passed; 0 failed; 0 ignored; 0 measured; 0 filtered out; finished in 0.14s

=== target prop_merge_algebra
   Compiling ferrodb v0.1.0 (/Users/idide/wt/ferrodb-d81-land)
    Finished `test` profile [unoptimized + debuginfo] target(s) in 4.87s
     Running tests/prop_merge_algebra.rs (target/debug/deps/prop_merge_algebra-b73b1c5f8620b66f)

running 11 tests
test float_add_is_commutative_but_not_associative_and_that_is_stated_not_assumed ... ok
test max_is_idempotent_and_commutative ... ok
test a_nonzero_add_is_never_idempotent ... ok
test zero_is_the_identity_for_integer_add ... ok
test integer_composition_refuses_overflow_rather_than_wrapping ... ok
test composing_then_applying_equals_applying_in_sequence ... ok
test add_is_commutative ... ok
test two_assigns_never_commute ... ok
test integer_add_is_associative ... ok
test add_is_the_only_kind_that_is_not_idempotent ... ok
test commutes_with_is_symmetric ... ok

test result: ok. 11 passed; 0 failed; 0 ignored; 0 measured; 0 filtered out; finished in 0.06s

=== target prop_merge_outcomes
   Compiling ferrodb v0.1.0 (/Users/idide/wt/ferrodb-d81-land)
    Finished `test` profile [unoptimized + debuginfo] target(s) in 1.77s
     Running tests/prop_merge_outcomes.rs (target/debug/deps/prop_merge_outcomes-7768847bc32df451)

running 6 tests
test a_discard_beside_a_composition_still_reports_loss ... ok
test lww_on_two_different_assigns_never_reports_clean ... ok
test a_discarded_write_is_never_reported_as_clean_or_commuting ... ok
test the_same_merge_classifies_the_same_way_twice ... ok
test the_name_identifies_the_variant ... ok
test lost_a_write_agrees_with_the_variant ... ok

test result: ok. 6 passed; 0 failed; 0 ignored; 0 measured; 0 filtered out; finished in 0.06s

=== target provenance_e2e
   Compiling ferrodb v0.1.0 (/Users/idide/wt/ferrodb-d81-land)
    Finished `test` profile [unoptimized + debuginfo] target(s) in 2.07s
     Running tests/provenance_e2e.rs (target/debug/deps/provenance_e2e-cb7eeb7fecb44dab)

running 5 tests
test unattributed_versions_are_reported_as_unattributed ... ok
test a_range_read_set_still_finds_the_write_it_consumed ... ok
test exact_read_set_makes_the_downstream_agent_visible_to_revert ... ok
test a_snapshot_taken_before_the_write_creates_no_edge ... ok
test scattered_point_reads_stay_exact_through_the_executor ... ok

test result: ok. 5 passed; 0 failed; 0 ignored; 0 measured; 0 filtered out; finished in 0.44s

=== target provenance_retention_wiring
   Compiling ferrodb v0.1.0 (/Users/idide/wt/ferrodb-d81-land)
    Finished `test` profile [unoptimized + debuginfo] target(s) in 1.63s
     Running tests/provenance_retention_wiring.rs (target/debug/deps/provenance_retention_wiring-71dfb10428de7988)

running 11 tests
test a_multi_version_merge_followed_by_another_merge_keeps_its_causal_answers_exact ... ok
test an_abandoned_tasks_scan_stops_blocking_the_revert_it_never_depended_on ... ok
test a_read_whose_session_was_sealed_underneath_it_is_refused_rather_than_silently_unretained ... ok
test a_mirrored_point_read_retains_a_premise_the_gate_can_verify ... ok
test a_ghost_parent_that_staged_nothing_stops_blocking_once_its_child_has_merged ... ok
test a_point_lookup_that_observed_an_absence_halts_the_revert_that_would_refill_it ... ok
test an_update_whose_where_clause_scanned_names_its_dependents ... ok
test an_update_that_names_a_row_by_key_names_its_dependent_and_stays_a_blind_write ... ok
test a_delete_whose_where_clause_scanned_names_its_dependents ... ok
test a_mirrored_key_equality_is_classified_the_same_as_the_unmirrored_one ... ok
test parentheses_do_not_change_the_access_shape ... ok

test result: ok. 11 passed; 0 failed; 0 ignored; 0 measured; 0 filtered out; finished in 0.49s

=== target provenance_scan_cascade
   Compiling ferrodb v0.1.0 (/Users/idide/wt/ferrodb-d81-land)
    Finished `test` profile [unoptimized + debuginfo] target(s) in 1.53s
     Running tests/provenance_scan_cascade.rs (target/debug/deps/provenance_scan_cascade-66d42001be305987)

running 5 tests
test a_scan_depends_on_the_write_that_moved_a_row_out_of_its_range ... ok
test a_branch_that_scanned_before_the_write_is_not_a_dependent ... ok
test a_write_outside_the_scanned_range_is_not_a_dependency ... ok
test a_multi_row_merge_is_named_once_by_the_scan_that_read_it_and_reverts_whole ... ok
test a_dependent_reached_by_a_scan_is_named_by_cascade ... ok

test result: ok. 5 passed; 0 failed; 0 ignored; 0 measured; 0 filtered out; finished in 0.13s

=== target provenance_write_path_dependents
   Compiling ferrodb v0.1.0 (/Users/idide/wt/ferrodb-d81-land)
    Finished `test` profile [unoptimized + debuginfo] target(s) in 1.59s
     Running tests/provenance_write_path_dependents.rs (target/debug/deps/provenance_write_path_dependents-0a768ca1b4fd14c0)

running 1 test
test sweep ... ok

test result: ok. 1 passed; 0 failed; 0 ignored; 0 measured; 0 filtered out; finished in 6.83s

=== target s20_live_count_is_maintained
   Compiling ferrodb v0.1.0 (/Users/idide/wt/ferrodb-d81-land)
    Finished `test` profile [unoptimized + debuginfo] target(s) in 2.12s
     Running tests/s20_live_count_is_maintained.rs (target/debug/deps/s20_live_count_is_maintained-0c661209b21dcbb5)

running 3 tests
test an_idempotent_transition_does_not_move_the_counter ... ok
test the_counter_agrees_with_a_scan_after_state_transitions ... ok
test the_counter_agrees_with_a_scan_after_forks ... ok

test result: ok. 3 passed; 0 failed; 0 ignored; 0 measured; 0 filtered out; finished in 0.00s

=== target sim_durability
   Compiling ferrodb v0.1.0 (/Users/idide/wt/ferrodb-d81-land)
    Finished `test` profile [unoptimized + debuginfo] target(s) in 2.10s
     Running tests/sim_durability.rs (target/debug/deps/sim_durability-9e6ed92c7221a067)

running 16 tests
test under_sync_only_an_unflushed_write_does_not_survive ... ok
test with_no_fault_the_workload_completes_and_every_row_comes_back ... ok
test undo_compensates_the_losers_in_ascending_transaction_id_order ... ok
test a_torn_write_lands_a_prefix_and_ends_the_run ... ok
test the_same_seed_reproduces_the_same_byte_sequence_and_the_same_fault_point ... ok
test the_durable_commit_detector_fires_and_stays_quiet ... ok
test flush_all_writes_pages_in_ascending_page_id_order ... ok
test two_different_seeds_crash_in_different_places ... ok
test the_catalog_and_its_rebuilt_indexes_land_in_the_same_place_every_run ... ok
test a_torn_table_page_is_served_as_a_row_that_was_never_written ... ok
test a_garbled_wal_header_takes_the_database_down_with_its_data_intact ... ok
test recovery_gives_every_missing_page_its_own_empty_page_in_ascending_order ... ok
test recovery_itself_writes_the_same_sequence_three_times ... ok
test recovery_holds_at_every_fault_point_sync_only ... ok
test recovery_holds_at_every_fault_point_write_through ... ok
test recovery_holds_at_every_fault_point_through_the_catalog ... ok

test result: ok. 16 passed; 0 failed; 0 ignored; 0 measured; 0 filtered out; finished in 4.91s

=== target w4_forget_branches
   Compiling ferrodb v0.1.0 (/Users/idide/wt/ferrodb-d81-land)
    Finished `test` profile [unoptimized + debuginfo] target(s) in 2.14s
     Running tests/w4_forget_branches.rs (target/debug/deps/w4_forget_branches-0a41a5b3bd0a4bd7)

running 3 tests
test forget_branches_refuses_a_branch_that_is_still_live ... ok
test forget_branches_drops_the_branches_it_is_given ... ok
test a_reaped_branch_nobody_reported_is_still_reconciled ... ok

test result: ok. 3 passed; 0 failed; 0 ignored; 0 measured; 0 filtered out; finished in 0.00s

=== target w4_sweep_slot_recycle
   Compiling ferrodb v0.1.0 (/Users/idide/wt/ferrodb-d81-land)
    Finished `test` profile [unoptimized + debuginfo] target(s) in 2.23s
     Running tests/w4_sweep_slot_recycle.rs (target/debug/deps/w4_sweep_slot_recycle-6ee876f01aec3d39)

running 1 test
test a_session_that_recycled_a_reaped_slot_survives_a_sweep_already_in_flight ... ok

test result: ok. 1 passed; 0 failed; 0 ignored; 0 measured; 0 filtered out; finished in 0.00s

